PCON24CD,Constituency name,Region,Winner,con_pct,lab_pct,ldem_pct,grn_pct,snp_pct,pc_pct,ref_pct,rstr_pct,ind_pct,oth_pct,Home owners,White,Higher education qualifications,65 and over,grn_multiplier,ref_multiplier,ref_age,ref_degree,ref_white,ref_homeown,ref_intercept,grn_age,grn_degree,grn_white,grn_homeown,grn_intercept
E14001260,Hackney South and Shoreditch,London,Lab,5.0,59.3,4.8,23.9,0.0,0.0,3.8,0.0,0.0,3.2,20.9,50.0,55.0,8.0,0.9948169201,0.2988403614,0.1373887961,-0.1907294183,0.03362748611,0.05083925242,11.96021453,-0.08914592052,0.1441391449,0.0319664128,-0.1850807922,12.71344996
E14001085,Bermondsey and Old Southwark,London,Lab,7.7,44.8,24.1,11.9,0.0,0.0,9.0,0.0,2.5,0.0,23.7,56.0,57.0,7.4,0.994624116,0.292799591,0.08947037492,0.02764470606,0.02623618336,0.03771874694,2.21407135,0.06010302073,0.01857073186,0.01762453632,0.02533811479,1.48733451
E14001306,Islington South and Finsbury,London,Lab,8.4,53.7,9.5,17.5,0.0,0.0,7.9,0.0,1.3,1.7,24.6,62.0,56.0,9.5,0.9777788956,0.3336036154,0.1627464465,6.846942579,#N/A,#N/A,#N/A,0.2848641065,4.599532886,#N/A,#N/A,#N/A
E14001172,Cities of London and Westminster,London,Lab,32.1,39.0,11.1,7.3,0.0,0.0,7.0,0.0,0.5,3.0,29.6,60.0,62.0,13.2,0.9523064682,0.3082915397,31.34398701,645,#N/A,#N/A,#N/A,64.2316203,645,#N/A,#N/A,#N/A
E14001430,Poplar and Limehouse,London,Lab,11.0,43.1,9.7,13.9,0.0,0.0,7.9,0.0,10.6,3.8,24.2,40.0,54.0,5.1,0.9484850948,0.278085625,5877.702513,30238.00163,#N/A,#N/A,#N/A,5435.460271,13645.42829,#N/A,#N/A,#N/A
E14001305,Islington North,London,Ind,4.0,34.4,3.4,5.4,0.0,0.0,3.5,0.0,49.3,0.0,29.1,62.0,58.0,9.8,0.9453624272,0.3270456756,,,,,,,,,,
E14001559,Vauxhall and Camberwell Green,London,Lab,7.5,57.4,12.1,17.1,0.0,0.0,5.4,0.0,0.0,0.5,23.5,48.0,53.0,9.9,0.9382023226,0.3387415187,,,,,,,,,,
E14001310,Kensington and Bayswater,London,Lab,33.7,40.6,6.9,6.5,0.0,0.0,6.0,0.0,4.5,1.7,30.2,61.0,61.0,13.7,0.9366785626,0.3266030998,,,,,,,,,,
E14001081,Battersea,London,Lab,23.2,48.8,10.3,9.0,0.0,0.0,6.0,0.0,0.5,2.2,37.0,68.0,65.0,8.8,0.935810476,0.2784335471,,,,,,,,,,
E14001175,Clapham and Brixton Hill,London,Lab,10.2,56.5,14.4,13.5,0.0,0.0,4.1,0.0,0.9,0.3,31.8,57.0,60.0,8.3,0.9326537541,0.2921202753,,,,,,,,,,
E14001290,Holborn and St Pancras,London,Lab,7.2,48.9,5.8,10.4,0.0,0.0,6.1,0.0,20.7,0.8,23.2,54.0,51.0,10.6,0.931499185,0.376769166,,,,,,,,,,
E14001086,Bethnal Green and Stepney,London,Lab,4.1,34.1,10.2,13.7,0.0,0.0,4.2,0.0,32.4,1.2,20.1,36.0,46.0,6.3,0.9122902811,0.3541980196,,,,,,,,,,
E14001421,Peckham,London,Lab,5.9,58.8,7.0,19.6,0.0,0.0,4.6,0.0,1.8,2.3,23.8,41.0,50.0,9.0,0.9025345757,0.3515136571,,,,,,,,,,
E14001265,Hampstead and Highgate,London,Lab,17.4,48.3,12.7,13.7,0.0,0.0,6.1,0.0,0.8,1.1,37.5,66.0,65.0,13.9,0.9021804536,0.3148642199,,,,,,,,,,
E14001160,Chelsea and Fulham,London,Lab,39.1,39.4,7.7,5.9,0.0,0.0,6.7,0.0,0.0,1.3,35.7,70.0,61.0,13.3,0.8983858877,0.3557419038,,,,,,,,,,
E14001257,Greenwich and Woolwich,London,Lab,11.4,56.2,9.0,13.2,0.0,0.0,7.7,0.0,0.7,1.7,34.0,55.0,55.0,8.2,0.8662460306,0.3475149721,,,,,,,,,,
E14001332,Lewisham North,London,Lab,6.1,57.7,7.4,21.9,0.0,0.0,4.5,0.0,0.6,1.8,32.6,50.0,54.0,8.0,0.864512377,0.3435575825,,,,,,,,,,
E14001264,Hammersmith and Chiswick,London,Lab,19.1,52.3,9.3,9.7,0.0,0.0,6.4,0.0,0.0,3.2,36.1,64.0,58.0,12.5,0.8632511234,0.371517611,,,,,,,,,,
E14001259,Hackney North and Stoke Newington,London,Lab,8.4,59.5,3.8,22.6,0.0,0.0,3.1,0.0,2.0,0.5,28.9,54.0,49.0,9.2,0.8631967705,0.4031315129,,,,,,,,,,
E14001131,Bristol Central,Southern England,Grn,4.6,32.6,2.7,56.6,0.0,0.0,3.1,0.0,0.0,0.5,39.9,77.0,56.0,7.5,0.8559849175,0.3898493981,,,,,,,,,,
E14001435,Queen's Park and Maida Vale,London,Lab,13.3,52.5,8.9,13.6,0.0,0.0,5.5,0.0,1.6,4.7,26.9,48.0,48.0,11.3,0.8544965873,0.4131940953,,,,,,,,,,
E14001525,Stratford and Bow,London,Lab,7.2,44.1,4.4,17.3,0.0,0.0,4.8,0.0,14.7,7.5,27.8,39.0,48.0,6.9,0.850932704,0.3650795336,,,,,,,,,,
E14001434,Putney,London,Lab,23.6,48.9,12.1,7.5,0.0,0.0,6.2,0.0,0.0,1.7,44.3,70.0,61.0,11.1,0.8195224596,0.3636237163,,,,,,,,,,
E14001576,West Ham and Beckton,London,Lab,10.4,45.2,4.4,10.7,0.0,0.0,7.7,0.0,0.0,21.5,26.8,39.0,42.0,7.2,0.8112597441,0.4287739486,,,,,,,,,,
E14001338,Liverpool Riverside,Northern England,Lab,3.6,61.9,4.8,16.2,0.0,0.0,10.1,0.0,0.0,3.5,23.9,74.0,32.0,9.7,0.8111045667,0.6130298134,,,,,,,,,,
E14001149,Cambridge,Southern England,Lab,12.0,46.6,20.3,16.3,0.0,0.0,0.0,0.0,1.9,2.9,42.3,75.0,56.0,11.1,0.8091222022,0.4209202043,,,,,,,,,,
E14001553,Tottenham,London,Lab,5.8,57.5,4.8,19.0,0.0,0.0,4.0,0.0,5.8,3.1,27.2,47.0,41.0,9.2,0.8039851731,0.4709791584,,,,,,,,,,
E14001550,Tooting,London,Lab,18.4,55.2,8.4,10.7,0.0,0.0,4.8,0.0,0.3,2.2,46.5,66.0,62.0,9.9,0.8038618272,0.3420409206,,,,,,,,,,
E14001207,Ealing Central and Acton,London,Lab,17.5,46.8,12.7,11.4,0.0,0.0,6.5,0.0,0.6,4.6,39.0,57.0,55.0,11.6,0.8004491847,0.3922074879,,,,,,,,,,
E14001205,Dulwich and West Norwood,London,Lab,8.5,60.3,7.7,18.9,0.0,0.0,4.0,0.0,0.7,0.0,39.7,55.0,56.0,10.9,0.8002433267,0.3745129316,,,,,,,,,,
E14001353,Manchester Rusholme,Northern England,Lab,5.8,51.9,0.0,23.5,0.0,0.0,4.5,0.0,1.2,13.2,25.4,41.0,37.0,5.6,0.7970769806,0.4696929046,,,,,,,,,,
E14001319,Leeds Central and Headingley,Northern England,Lab,7.1,50.2,8.3,23.5,0.0,0.0,7.6,0.0,0.0,3.4,31.9,71.0,39.0,6.9,0.7934190085,0.5333519735,,,,,,,,,,
E14001467,Sheffield Central,Northern England,Lab,7.4,52.1,6.8,26.0,0.0,0.0,0.0,0.0,3.3,4.4,37.3,67.0,46.0,7.9,0.7819342945,0.4739160833,,,,,,,,,,
E14001352,Manchester Central,Northern England,Lab,7.1,50.8,7.7,16.1,0.0,0.0,12.0,0.0,0.7,5.7,33.6,61.0,41.0,8.0,0.7684682763,0.5064543235,,,,,,,,,,
E14001293,Hornsey and Friern Barnet,London,Lab,8.2,58.7,12.5,14.5,0.0,0.0,4.1,0.0,0.0,1.9,49.2,70.0,60.0,13.5,0.7489560633,0.4064605957,,,,,,,,,,
E14001459,Salford,Northern England,Lab,9.0,53.2,6.9,13.1,0.0,0.0,15.2,0.0,0.0,2.6,35.2,76.0,38.0,9.1,0.7488196682,0.5805995798,,,,,,,,,,
S14000085,Glasgow North,Scotland,Lab,3.9,42.2,3.3,12.2,32.0,0.0,4.8,0.0,0.0,1.6,38.7,76.0,42.0,11.1,0.7349589171,0.5625914221,,,,,,,,,,
S14000079,Edinburgh North and Leith,Scotland,Lab,6.6,42.1,7.8,10.9,27.4,0.0,3.7,0.0,0.3,1.3,51.1,86.0,56.0,13.0,0.727224942,0.4815783358,,,,,,,,,,
E14001333,Lewisham West and East Dulwich,London,Lab,7.5,59.0,7.7,19.4,0.0,0.0,4.8,0.0,0.0,1.6,50.4,62.0,58.0,11.0,0.7175323276,0.3972805365,,,,,,,,,,
E14001096,Birmingham Ladywood,Midlands,Lab,6.1,42.5,4.7,9.5,0.0,0.0,4.0,0.0,33.2,0.0,26.9,23.0,32.0,5.7,0.7084290788,0.4941329414,,,,,,,,,,
E14001354,Manchester Withington,Northern England,Lab,5.5,52.9,13.0,19.4,0.0,0.0,4.7,0.0,0.0,4.6,50.4,71.0,54.0,11.6,0.6987947381,0.4620675772,,,,,,,,,,
E14001122,Brent East,London,Lab,16.7,51.2,7.0,9.9,0.0,0.0,5.4,0.0,7.1,2.8,34.1,39.0,39.0,12.0,0.6870613115,0.5188751108,,,,,,,,,,
E14001419,Oxford East,Southern England,Lab,12.0,49.7,8.7,12.9,0.0,0.0,0.0,0.0,6.0,10.6,44.4,68.0,45.0,11.9,0.6811128746,0.5382718115,,,,,,,,,,
E14001445,Richmond Park,London,LDem,21.8,9.7,54.6,6.5,0.0,0.0,6.2,0.0,0.0,1.1,59.0,76.0,64.0,16.4,0.6749260224,0.4258949815,,,,,,,,,,
E14001563,Walthamstow,London,Lab,5.2,59.5,3.8,20.1,0.0,0.0,4.0,0.0,2.8,4.6,45.2,50.0,47.0,8.3,0.6739518444,0.4573444196,,,,,,,,,,
E14001130,Brighton Pavilion,Southern England,Grn,7.6,27.7,3.1,55.0,0.0,0.0,5.4,0.0,0.3,0.8,51.9,84.0,48.0,11.6,0.6579194317,0.5550767749,,,,,,,,,,
E14001279,Hendon,London,Lab,38.4,38.4,4.8,6.5,0.0,0.0,7.4,0.0,0.0,4.6,44.7,49.0,46.0,11.8,0.6526702147,0.491436396,,,,,,,,,,
E14001238,Finchley and Golders Green,London,Lab,35.1,44.3,6.8,6.3,0.0,0.0,5.3,0.0,0.6,1.6,50.2,60.0,53.0,15.8,0.6518635889,0.4835116565,,,,,,,,,,
E14001323,Leeds South,Northern England,Lab,13.2,54.0,4.2,18.4,0.0,0.0,0.0,0.0,0.9,9.3,36.5,68.0,29.0,10.0,0.6428366227,0.6729007986,,,,,,,,,,
E14001188,Croydon West,London,Lab,16.8,54.1,9.6,10.1,0.0,0.0,5.6,0.0,0.0,3.8,39.7,33.0,40.0,9.2,0.6402028198,0.4912820871,,,,,,,,,,
E14001438,Reading Central,Southern England,Lab,19.8,47.7,8.8,14.2,0.0,0.0,8.6,0.0,0.5,0.5,48.1,65.0,45.0,11.3,0.6396629622,0.5387636777,,,,,,,,,,
E14001410,Nottingham East,Midlands,Lab,10.8,53.6,4.8,11.9,0.0,0.0,9.8,0.0,2.4,6.8,40.0,60.0,34.0,9.4,0.6356397315,0.6089232386,,,,,,,,,,
E14001409,Norwich South,Southern England,Lab,12.9,47.6,7.9,18.3,0.0,0.0,11.6,0.0,0.7,1.0,43.1,86.0,36.0,16.2,0.6324944684,0.6981135868,,,,,,,,,,
S14000089,Glasgow West,Scotland,Lab,4.3,46.7,3.3,9.2,30.5,0.0,5.3,0.0,0.0,0.8,48.8,83.0,43.0,14.7,0.6324332478,0.6218143323,,,,,,,,,,
E14001334,Leyton and Wanstead,London,Lab,11.1,47.5,6.4,15.5,0.0,0.0,5.7,0.0,9.5,4.3,48.2,52.0,47.0,11.4,0.63126251,0.4935177489,,,,,,,,,,
E14001527,Streatham and Croydon North,London,Lab,12.0,52.1,11.3,17.1,0.0,0.0,4.5,0.0,0.0,3.0,49.1,50.0,49.0,12.1,0.6310821649,0.4763607565,,,,,,,,,,
E14001432,Portsmouth South,Southern England,Lab,14.5,48.4,12.6,8.0,0.0,0.0,14.6,0.0,0.0,1.9,41.9,81.0,33.0,13.2,0.626310464,0.6944285875,,,,,,,,,,
E14001586,Wimbledon,London,LDem,22.2,21.3,45.1,4.4,0.0,0.0,5.9,0.0,0.4,0.7,61.0,68.0,61.0,15.4,0.6209402486,0.4404158159,,,,,,,,,,
E14001073,Barking,London,Lab,11.8,44.5,2.8,13.7,0.0,0.0,14.2,0.0,2.1,11.0,39.3,42.0,34.0,7.4,0.6207309419,0.5575485658,,,,,,,,,,
E14001229,Erith and Thamesmead,London,Lab,13.8,55.1,4.6,8.6,0.0,0.0,14.7,0.0,0.5,2.7,41.3,46.0,37.0,10.4,0.6166365815,0.5615313449,,,,,,,,,,
E14001124,Brentford and Isleworth,London,Lab,22.5,44.2,8.5,8.9,0.0,0.0,8.7,0.0,1.1,6.1,46.6,46.0,45.0,12.5,0.6152933107,0.5071368532,,,,,,,,,,
E14001369,Milton Keynes Central,Southern England,Lab,27.1,42.3,10.3,6.8,0.0,0.0,13.1,0.0,0.0,0.4,46.6,66.0,39.0,11.2,0.6086132401,0.6000809796,,,,,,,,,,
E14001331,Lewisham East,London,Lab,10.8,58.2,6.1,13.7,0.0,0.0,8.5,0.0,0.0,2.7,46.6,48.0,43.0,11.9,0.6054268717,0.5283334121,,,,,,,,,,
E14001503,Southgate and Wood Green,London,Lab,17.6,51.1,8.6,12.3,0.0,0.0,6.9,0.0,0.0,3.5,47.5,59.0,43.0,14.9,0.6016924221,0.5742209964,,,,,,,,,,
S14000078,Edinburgh East and Musselburgh,Scotland,Lab,5.7,41.2,4.3,10.2,33.1,0.0,4.7,0.0,0.8,0.0,53.2,84.0,44.0,14.0,0.5994354514,0.6205793301,,,,,,,,,,
E14001296,Hove and Portslade,Southern England,Lab,12.8,52.4,5.9,14.3,0.0,0.0,8.8,0.0,5.9,0.0,55.0,85.0,47.0,15.7,0.5980650141,0.6087307094,,,,,,,,,,
E14001500,Southampton Test,Southern England,Lab,18.5,44.5,9.1,10.0,0.0,0.0,14.7,0.0,0.0,3.2,44.2,77.0,33.0,12.9,0.5969297188,0.6909298212,,,,,,,,,,
S14000081,Edinburgh South West,Scotland,Lab,12.2,40.9,6.6,7.6,27.3,0.0,4.6,0.0,0.4,0.6,55.6,84.0,47.0,15.6,0.5902945741,0.608009858,,,,,,,,,,
E14001427,Plymouth Sutton and Devonport,Southern England,Lab,16.3,49.4,5.8,7.6,0.0,0.0,17.7,0.0,1.5,1.7,45.2,91.0,31.0,14.2,0.5888770091,0.7522567281,,,,,,,,,,
E14001213,East Ham,London,Lab,10.2,51.6,3.2,11.2,0.0,0.0,3.5,0.0,20.2,0.0,38.2,20.0,34.0,8.3,0.5874666503,0.5200190138,,,,,,,,,,
S14000086,Glasgow North East,Scotland,Lab,3.5,45.9,1.7,7.2,32.3,0.0,6.7,0.0,0.0,2.7,39.0,83.0,24.0,13.7,0.5851600718,0.7902644428,,,,,,,,,,
W07000091,Cardiff South and Penarth,Wales,Lab,13.9,44.5,7.4,14.5,0.0,8.2,11.5,0.0,0.0,0.0,51.6,76.0,41.0,12.8,0.583591106,0.623988402,,,,,,,,,,
S14000084,Glasgow East,Scotland,Lab,4.8,43.9,2.5,7.7,33.2,0.0,6.7,0.0,0.0,1.3,44.1,80.0,31.0,13.8,0.5829743334,0.7248480524,,,,,,,,,,
E14001340,Liverpool Wavertree,Northern England,Lab,4.7,58.0,6.9,17.0,0.0,0.0,8.7,0.0,4.7,0.0,48.2,77.0,37.0,14.4,0.5799875691,0.6712141355,,,,,,,,,,
E14001556,Twickenham,London,LDem,16.3,12.5,56.3,6.7,0.0,0.0,7.6,0.0,0.0,0.6,64.6,82.0,58.0,16.7,0.5772485762,0.5200974874,,,,,,,,,,
E14001604,York Central,Northern England,Lab,12.4,56.6,7.0,12.0,0.0,0.0,10.9,0.0,1.0,0.0,52.4,90.0,38.0,13.5,0.5724376824,0.6903937595,,,,,,,,,,
S14000075,Dundee Central,Scotland,SNP,4.0,38.3,6.2,0.0,40.0,0.0,6.1,0.0,0.4,5.1,45.8,87.0,32.0,16.8,0.5702002509,0.7556240741,,,,,,,,,,
S14000061,Aberdeen South,Scotland,SNP,24.4,24.7,6.3,3.5,32.8,0.0,6.9,0.0,0.5,0.9,56.0,85.0,44.0,16.3,0.5611775047,0.6478372702,,,,,,,,,,
E14001080,Bath,Southern England,LDem,15.9,18.0,41.3,12.4,0.0,0.0,7.9,0.0,4.0,0.5,57.2,88.0,45.0,17.0,0.5582514383,0.6520978361,,,,,,,,,,
E14001312,Kingston and Surbiton,London,LDem,17.0,13.0,51.1,5.9,0.0,0.0,9.4,0.0,0.0,3.6,59.1,71.0,49.0,14.1,0.5549175835,0.5596636719,,,,,,,,,,
E14001378,Newcastle upon Tyne East and Wallsend,Northern England,Lab,8.3,50.1,7.0,12.4,0.0,0.0,19.8,0.0,0.0,2.3,46.6,88.0,30.0,15.6,0.5536608134,0.7722553012,,,,,,,,,,
E14001420,Oxford West and Abingdon,Southern England,LDem,18.5,13.0,50.9,7.0,0.0,0.0,9.1,0.0,0.4,1.1,61.4,82.0,50.0,17.4,0.5423382638,0.6019821278,,,,,,,,,,
E14001327,Leicester South,Midlands,Ind,11.5,32.9,3.4,9.1,0.0,0.0,5.9,0.0,36.0,1.1,42.5,39.0,31.0,10.6,0.5420001182,0.6178040359,,,,,,,,,,
E14001123,Brent West,London,Lab,32.5,41.7,7.3,6.8,0.0,0.0,5.0,0.0,0.0,6.7,45.5,25.0,39.0,12.4,0.5414233197,0.5280121713,,,,,,,,,,
E14001271,Harrow West,London,Lab,29.2,43.8,5.3,5.4,0.0,0.0,5.8,0.0,10.5,0.0,52.0,34.0,45.0,12.4,0.5382912255,0.4994874084,,,,,,,,,,
E14001092,Birmingham Edgbaston,Midlands,Lab,22.0,44.3,5.6,7.5,0.0,0.0,11.7,0.0,8.9,0.0,49.6,54.0,39.0,14.8,0.5376911957,0.6138150439,,,,,,,,,,
E14001377,Newcastle upon Tyne Central and West,Northern England,Lab,10.2,45.6,4.7,7.8,0.0,0.0,18.9,0.0,12.7,0.0,45.0,73.0,28.0,13.7,0.5373687183,0.7454840855,,,,,,,,,,
E14001602,Wythenshawe and Sale East,Northern England,Lab,13.8,52.6,5.1,10.6,0.0,0.0,15.3,0.0,0.0,2.7,49.6,80.0,33.0,15.1,0.5353344737,0.729176341,,,,,,,,,,
E14001328,Leicester West,Midlands,Lab,19.8,44.6,6.2,11.6,0.0,0.0,16.0,0.0,0.0,1.8,43.5,63.0,26.0,11.2,0.5308731259,0.724589821,,,,,,,,,,
S14000087,Glasgow South,Scotland,Lab,3.8,41.8,3.1,13.1,32.0,0.0,4.1,0.0,0.0,2.2,57.1,84.0,41.0,15.9,0.5247831112,0.6785864365,,,,,,,,,,
E14001129,Brighton Kemptown and Peacehaven,Southern England,Lab,20.2,44.0,9.7,19.7,0.0,0.0,0.0,0.0,4.5,1.9,52.0,87.0,35.0,18.2,0.5230518624,0.7518608634,,,,,,,,,,
E14001208,Ealing North,London,Lab,18.8,47.8,5.9,9.4,0.0,0.0,9.1,0.0,1.2,7.8,49.9,42.0,39.0,13.1,0.5220441818,0.5786047755,,,,,,,,,,
E14001209,Ealing Southall,London,Lab,15.4,49.1,6.0,9.3,0.0,0.0,5.5,0.0,4.5,10.1,48.4,31.0,39.0,12.6,0.5204881196,0.5491334107,,,,,,,,,,
E14001083,Beckenham and Penge,London,Lab,24.6,49.3,8.5,7.3,0.0,0.0,10.3,0.0,0.0,0.0,61.6,72.0,49.0,16.2,0.5196695506,0.5850237005,,,,,,,,,,
E14001236,Feltham and Heston,London,Lab,21.1,41.5,4.7,6.5,0.0,0.0,13.2,0.0,7.3,5.7,45.4,37.0,33.0,11.7,0.5189765384,0.6091368896,,,,,,,,,,
E14001371,Mitcham and Morden,London,Lab,14.0,55.4,8.0,10.2,0.0,0.0,9.1,0.0,0.0,3.2,53.1,52.0,40.0,12.5,0.5184882097,0.5908745072,,,,,,,,,,
E14001301,Ilford South,London,Lab,14.9,40.2,3.3,8.3,0.0,0.0,5.7,0.0,23.4,4.2,47.8,22.0,38.0,9.6,0.5173063004,0.5182441375,,,,,,,,,,
E14001566,Warwick and Leamington,Midlands,Lab,23.5,48.7,7.9,9.1,0.0,0.0,10.5,0.0,0.0,0.3,60.3,82.0,45.0,16.8,0.5156048891,0.6480599134,,,,,,,,,,
W07000089,Cardiff East,Wales,Lab,10.0,40.5,17.2,10.0,0.0,9.1,12.7,0.0,0.0,0.5,54.8,77.0,37.0,14.2,0.5126916367,0.68843571,,,,,,,,,,
E14001231,Exeter,Southern England,Lab,15.6,45.3,10.5,14.7,0.0,0.0,12.2,0.0,1.6,0.0,53.8,89.0,34.0,15.6,0.5124940853,0.7518489024,,,,,,,,,,
E14001135,Bristol South,Southern England,Lab,11.4,42.7,6.3,25.0,0.0,0.0,14.3,0.0,0.0,0.4,55.7,90.0,35.0,13.7,0.5121707506,0.7335908136,,,,,,,,,,
E14001568,Watford,Southern England,Lab,24.7,35.3,17.0,5.5,0.0,0.0,11.1,0.0,0.0,6.4,55.9,61.0,41.0,13.1,0.5102027278,0.6097990522,,,,,,,,,,
E14001412,Nottingham South,Midlands,Lab,16.1,47.4,6.3,8.9,0.0,0.0,15.0,0.0,1.8,4.6,46.7,69.0,27.0,12.5,0.5100280153,0.7443065261,,,,,,,,,,
E14001379,Newcastle upon Tyne North,Northern England,Lab,13.7,50.3,12.2,10.4,0.0,0.0,12.2,0.0,0.6,0.6,60.8,87.0,44.0,17.3,0.5087499656,0.6737068057,,,,,,,,,,
S14000080,Edinburgh South,Scotland,Lab,8.5,53.3,5.9,9.1,16.5,0.0,3.9,0.0,1.2,1.5,66.9,84.0,53.0,18.3,0.5079512235,0.5964283485,,,,,,,,,,
E14001132,Bristol East,Southern England,Lab,14.0,45.0,5.9,30.7,0.0,0.0,0.0,0.0,3.3,1.2,56.1,76.0,37.0,12.3,0.5062479111,0.6759269291,,,,,,,,,,
W07000108,Swansea West,Wales,Lab,9.9,41.4,12.2,6.5,0.0,11.5,17.5,0.0,0.0,0.9,50.3,86.0,30.0,16.8,0.505468516,0.7882456706,,,,,,,,,,
S14000088,Glasgow South West,Scotland,Lab,3.9,43.6,2.7,7.6,34.4,0.0,6.3,0.0,0.0,1.5,50.4,75.0,31.0,14.5,0.5043223747,0.7388991964,,,,,,,,,,
E14001499,Southampton Itchen,Southern England,Lab,25.4,41.5,7.1,7.3,0.0,0.0,18.0,0.0,0.0,0.7,50.8,86.0,29.0,14.6,0.5038154621,0.7830869068,,,,,,,,,,
E14001477,Slough,Southern England,Lab,17.2,33.9,4.8,4.3,0.0,0.0,7.7,0.0,3.7,28.3,49.0,35.0,35.0,9.8,0.503267708,0.5796807554,,,,,,,,,,
E14001573,Welwyn Hatfield,Southern England,Lab,33.2,41.0,6.4,6.2,0.0,0.0,13.2,0.0,0.0,0.0,55.2,78.0,37.0,15.7,0.5024158679,0.7031432836,,,,,,,,,,
E14001258,Guildford,Southern England,LDem,30.0,8.1,47.5,4.7,0.0,0.0,9.1,0.0,0.0,0.5,63.4,85.0,46.0,16.1,0.5003900847,0.6465887514,,,,,,,,,,
E14001134,Bristol North West,Southern England,Lab,14.0,49.6,8.6,17.3,0.0,0.0,10.0,0.0,0.0,0.5,61.5,86.0,43.0,16.3,0.4967383756,0.6767526147,,,,,,,,,,
E14001161,Cheltenham,Southern England,LDem,36.1,5.4,50.6,6.4,0.0,0.0,0.0,0.0,1.6,0.0,62.6,91.0,45.0,19.3,0.4957108555,0.6911167804,,,,,,,,,,
E14001276,Hayes and Harlington,London,Lab,21.9,53.3,3.4,5.6,0.0,0.0,10.7,0.0,0.0,5.2,46.8,31.0,32.0,9.7,0.4948290198,0.5974252972,,,,,,,,,,
E14001346,Luton South and South Bedfordshire,Southern England,Lab,17.5,35.4,6.3,6.3,0.0,0.0,12.4,0.0,14.0,8.1,48.3,51.0,30.0,10.6,0.4942558519,0.6679429313,,,,,,,,,,
E14001507,St Albans,Southern England,LDem,18.2,10.1,56.6,6.3,0.0,0.0,8.4,0.0,0.0,0.4,68.0,80.0,52.0,16.5,0.4903036275,0.5885962872,,,,,,,,,,
E14001225,Enfield North,London,Lab,19.8,49.1,5.8,8.5,0.0,0.0,11.8,0.0,3.3,1.5,51.0,52.0,34.0,12.9,0.4892998108,0.652556078,,,,,,,,,,
E14001103,Blackley and Middleton South,Northern England,Lab,9.8,53.8,5.1,10.2,0.0,0.0,21.1,0.0,0.0,0.0,47.5,63.0,27.0,13.4,0.4859447584,0.7423133263,,,,,,,,,,
E14001223,Eltham and Chislehurst,London,Lab,25.5,44.0,5.3,6.8,0.0,0.0,16.3,0.0,1.3,0.8,57.8,71.0,40.0,15.9,0.4856828628,0.6671029704,,,,,,,,,,
E14001433,Preston,Northern England,Lab,13.0,35.0,8.0,4.4,0.0,0.0,14.3,0.0,24.0,1.2,51.6,71.0,29.0,12.6,0.4782138284,0.7417025874,,,,,,,,,,
E14001469,Sheffield Heeley,Northern England,Lab,13.6,55.2,10.0,15.4,0.0,0.0,0.0,0.0,0.0,5.7,52.9,81.0,31.0,16.8,0.4776786846,0.7749997228,,,,,,,,,,
E14001367,Middlesbrough and Thornaby East,Northern England,Lab,17.9,47.2,3.0,4.4,0.0,0.0,20.5,0.0,1.1,5.8,49.0,78.0,25.0,14.4,0.4759518691,0.8042760049,,,,,,,,,,
E14001588,Windsor,Southern England,Con,36.4,22.2,21.1,5.1,0.0,0.0,10.3,0.0,3.6,1.4,60.4,72.0,42.0,16.9,0.4722894615,0.662103526,,,,,,,,,,
E14001115,Bournemouth East,Southern England,Lab,28.6,40.8,6.9,6.2,0.0,0.0,14.0,0.0,3.4,0.2,57.1,88.0,35.0,18.1,0.4722243161,0.7678744575,,,,,,,,,,
E14001336,Lincoln,Midlands,Lab,23.0,43.8,6.1,6.5,0.0,0.0,18.0,0.0,0.6,2.0,52.9,93.0,27.0,15.8,0.471463978,0.8334413714,,,,,,,,,,
E14001406,Northampton North,Midlands,Lab,22.0,43.5,5.4,6.1,0.0,0.0,16.8,0.0,2.5,3.7,51.9,77.0,28.0,13.9,0.4713740147,0.7743760871,,,,,,,,,,
E14001314,Kingston upon Hull North and Cottingham,Northern England,Lab,12.8,48.3,8.5,6.1,0.0,0.0,20.4,0.0,2.3,1.6,52.4,89.0,27.0,15.5,0.4712852891,0.8221935983,,,,,,,,,,
E14001221,Edmonton and Winchmore Hill,London,Lab,19.2,50.0,6.6,9.0,0.0,0.0,8.5,0.0,4.1,2.5,49.9,45.0,33.0,14.8,0.4701602355,0.6614997305,,,,,,,,,,
E14001176,Colchester,Southern England,Lab,23.5,41.9,14.2,5.4,0.0,0.0,14.8,0.0,0.0,0.2,57.2,84.0,33.0,14.0,0.4687014193,0.7502817006,,,,,,,,,,
E14001587,Winchester,Southern England,LDem,28.2,5.3,52.5,4.8,0.0,0.0,8.4,0.0,0.5,0.3,65.2,93.0,46.0,21.7,0.4684485214,0.710239699,,,,,,,,,,
E14001251,Gorton and Denton,Northern England,Lab,7.9,50.8,3.8,13.2,0.0,0.0,14.1,0.0,0.0,10.3,49.4,57.0,28.0,12.8,0.4667306025,0.7213794561,,,,,,,,,,
E14001517,Stockport,Northern England,Lab,11.4,49.9,8.5,11.1,0.0,0.0,14.9,0.0,0.0,4.2,58.7,85.0,35.0,15.0,0.4661979804,0.7423649584,,,,,,,,,,
E14001169,Chipping Barnet,London,Lab,36.7,42.4,5.1,6.8,0.0,0.0,7.8,0.0,0.4,0.7,64.4,63.0,49.0,18.0,0.4657728474,0.5899398064,,,,,,,,,,
E14001116,Bournemouth West,Southern England,Lab,28.3,36.4,10.9,6.6,0.0,0.0,16.9,0.0,0.0,0.9,54.9,88.0,31.0,17.5,0.4657146137,0.7997146253,,,,,,,,,,
E14001321,Leeds North East,Northern England,Lab,15.9,51.5,4.8,13.1,0.0,0.0,7.6,0.0,0.0,7.1,64.2,63.0,48.0,17.2,0.4640354721,0.5936249866,,,,,,,,,,
E14001481,South Cambridgeshire,Southern England,LDem,27.4,11.1,46.8,4.8,0.0,0.0,8.9,0.0,0.8,0.0,66.9,86.0,49.0,21.4,0.4638273263,0.6671132912,,,,,,,,,,
E14001091,Birkenhead,Northern England,Lab,7.5,52.1,5.3,20.1,0.0,0.0,14.2,0.0,0.0,0.8,53.5,94.0,28.0,18.5,0.4615388131,0.8469110365,,,,,,,,,,
E14001099,Birmingham Selly Oak,Midlands,Lab,15.2,45.2,6.0,11.2,0.0,0.0,14.9,0.0,7.4,0.0,54.6,69.0,32.0,14.3,0.4582882199,0.7277655609,,,,,,,,,,
E14001182,Coventry South,Midlands,Lab,23.8,47.6,5.9,5.5,0.0,0.0,13.4,0.0,1.2,2.6,56.5,61.0,35.0,12.5,0.4582742247,0.6713461688,,,,,,,,,,
S14000060,Aberdeen North,Scotland,SNP,14.0,30.3,6.1,3.0,34.5,0.0,9.0,0.0,0.0,3.0,56.1,88.0,32.0,18.2,0.457412547,0.7980615095,,,,,,,,,,
W07000092,Cardiff West,Wales,Lab,15.3,36.7,4.3,7.1,0.0,21.1,12.6,0.0,0.5,2.5,62.4,84.0,40.0,16.8,0.4570014586,0.7114958338,,,,,,,,,,
E14001084,Bedford,Southern England,Lab,21.9,45.1,9.9,5.9,0.0,0.0,11.2,0.0,3.5,2.4,54.4,69.0,32.0,16.1,0.4525041193,0.7404555156,,,,,,,,,,
E14001244,Gateshead Central and Whickham,Northern England,Lab,11.5,45.4,12.4,8.0,0.0,0.0,21.4,0.0,0.0,1.3,55.5,91.0,30.0,18.6,0.451289582,0.8264111417,,,,,,,,,,
E14001466,Sheffield Brightside and Hillsborough,Northern England,Lab,12.9,51.6,5.4,14.9,0.0,0.0,0.0,0.0,8.0,7.3,48.3,68.0,23.0,14.1,0.4508374952,0.8024974136,,,,,,,,,,
E14001325,Leeds West and Pudsey,Northern England,Lab,17.1,49.3,4.5,9.9,0.0,0.0,16.3,0.0,0.0,2.9,56.8,85.0,31.0,15.5,0.450761239,0.7838417231,,,,,,,,,,
E14001230,Esher and Walton,Southern England,LDem,30.3,5.3,52.6,2.6,0.0,0.0,8.9,0.0,0.0,0.4,72.4,86.0,52.0,17.7,0.449138617,0.6222433732,,,,,,,,,,
E14001558,Uxbridge and South Ruislip,London,Lab,34.9,36.2,3.8,9.5,0.0,0.0,14.4,0.0,0.0,1.3,59.7,57.0,39.0,12.9,0.4480221208,0.6332426894,,,,,,,,,,
E14001113,Bootle,Northern England,Lab,4.3,68.7,3.3,10.0,0.0,0.0,12.2,0.0,0.0,1.4,52.5,96.0,24.0,17.7,0.4471255411,0.8849934406,,,,,,,,,,
E14001302,Ipswich,Southern England,Lab,26.5,43.3,5.1,8.3,0.0,0.0,15.9,0.0,0.0,0.8,53.4,83.0,27.0,16.5,0.4452274517,0.8210877077,,,,,,,,,,
E14001555,Tunbridge Wells,Southern England,LDem,27.6,11.4,43.6,4.3,0.0,0.0,12.0,0.0,1.1,0.0,65.0,91.0,42.0,19.6,0.4450753113,0.7323981155,,,,,,,,,,
E14001592,Woking,Southern England,LDem,26.5,9.2,49.9,3.8,0.0,0.0,10.2,0.0,0.0,0.3,66.4,78.0,45.0,17.1,0.443297479,0.6602521838,,,,,,,,,,
E14001520,Stoke-on-Trent Central,Midlands,Lab,17.6,42.4,2.8,4.8,0.0,0.0,24.2,0.0,8.1,0.0,50.3,80.0,22.0,14.7,0.4403106223,0.8461416661,,,,,,,,,,
E14001278,Hemel Hempstead,Southern England,Lab,27.2,38.2,11.6,5.6,0.0,0.0,17.4,0.0,0.0,0.0,58.8,82.0,33.0,15.9,0.4384265574,0.7656053875,,,,,,,,,,
E14001562,Walsall and Bloxwich,Midlands,Lab,18.0,33.6,2.2,6.2,0.0,0.0,19.6,0.0,20.4,0.0,48.1,58.0,23.0,13.4,0.437923354,0.7778070506,,,,,,,,,,
E14001163,Chester North and Neston,Northern England,Lab,23.2,49.8,4.6,9.2,0.0,0.0,13.1,0.0,0.0,0.0,63.0,94.0,39.0,21.6,0.4366829803,0.7800998109,,,,,,,,,,
E14001193,Derby North,Midlands,Lab,23.7,45.5,4.5,8.0,0.0,0.0,18.3,0.0,0.0,0.0,58.3,80.0,33.0,16.8,0.4362290474,0.7672788698,,,,,,,,,,
E14001339,Liverpool Walton,Northern England,Lab,3.5,70.6,2.6,6.5,0.0,0.0,15.7,0.0,0.0,1.2,52.6,92.0,23.0,16.8,0.4360482009,0.8809332094,,,,,,,,,,
E14001111,Bolton South and Walkden,Northern England,Lab,11.3,40.9,3.7,7.7,0.0,0.0,22.6,0.0,1.2,12.7,50.5,64.0,24.0,12.9,0.4341913875,0.7816112394,,,,,,,,,,
E14001186,Croydon East,London,Lab,26.8,42.4,8.1,9.4,0.0,0.0,13.4,0.0,0.0,0.0,58.0,55.0,37.0,15.6,0.4327760317,0.666603703,,,,,,,,,,
E14001151,Canterbury,Southern England,Lab,23.0,41.4,8.1,12.5,0.0,0.0,14.4,0.0,0.0,0.6,60.7,86.0,36.0,20.2,0.428305664,0.7801021141,,,,,,,,,,
E14001184,Crawley,Southern England,Lab,26.8,38.2,4.8,5.7,0.0,0.0,18.5,0.0,0.0,5.9,55.7,74.0,28.0,13.5,0.4276579532,0.7768199402,,,,,,,,,,
E14001597,Worcester,Midlands,Lab,25.0,40.5,8.7,10.4,0.0,0.0,14.6,0.0,0.0,0.9,61.4,91.0,34.0,18.2,0.4243400646,0.7971517368,,,,,,,,,,
E14001197,Didcot and Wantage,Southern England,LDem,28.4,14.7,39.8,4.9,0.0,0.0,11.7,0.0,0.0,0.4,68.1,92.0,42.0,17.7,0.4243125591,0.728158897,,,,,,,,,,
E14001516,Stevenage,Southern England,Lab,25.9,41.4,8.1,6.2,0.0,0.0,17.9,0.0,0.0,0.3,58.6,84.0,31.0,16.7,0.42408956,0.7967885686,,,,,,,,,,
E14001313,Kingston upon Hull East,Northern England,Lab,9.1,43.8,10.9,5.6,0.0,0.0,30.6,0.0,0.0,0.0,51.0,96.0,19.0,17.4,0.4238709022,0.9320557697,,,,,,,,,,
E14001217,East Wiltshire,Southern England,Con,35.7,25.7,17.4,3.9,0.0,0.0,16.7,0.0,0.0,0.6,60.1,92.0,33.0,20.1,0.4223543245,0.8203983152,,,,,,,,,,
E14001512,St Neots and Mid Cambridgeshire,Southern England,LDem,28.2,13.1,36.9,5.0,0.0,0.0,10.7,0.0,5.6,0.5,68.1,90.0,42.0,17.3,0.4217401149,0.7216779602,,,,,,,,,,
E14001097,Birmingham Northfield,Midlands,Lab,25.3,39.7,4.8,7.5,0.0,0.0,21.0,0.0,1.3,0.6,54.5,77.0,27.0,16.8,0.421609628,0.8153042603,,,,,,,,,,
E14001194,Derby South,Midlands,Lab,13.9,38.8,4.8,5.1,0.0,0.0,22.7,0.0,0.8,13.9,52.1,62.0,25.0,13.1,0.4211535864,0.7730818896,,,,,,,,,,
E14001300,Ilford North,London,Lab,20.5,33.4,2.3,3.8,0.0,0.0,7.7,0.0,32.2,0.0,60.4,33.0,42.0,13.3,0.4201701388,0.5603224231,,,,,,,,,,
E14001600,Wycombe,Southern England,Lab,25.6,35.9,9.5,4.9,0.0,0.0,10.7,0.0,4.8,8.6,62.4,65.0,38.0,14.1,0.4197905262,0.6764234792,,,,,,,,,,
E14001180,Coventry East,Midlands,Lab,16.9,49.5,3.3,7.4,0.0,0.0,18.1,0.0,0.0,4.9,52.9,60.0,26.0,13.1,0.418125276,0.7605745615,,,,,,,,,,
E14001078,Basingstoke,Southern England,Lab,29.5,42.7,6.5,7.3,0.0,0.0,12.9,0.0,0.0,1.2,60.7,86.0,32.0,15.9,0.4179884637,0.7891998578,,,,,,,,,,
E14001534,Sutton and Cheam,London,LDem,28.9,17.7,36.9,3.6,0.0,0.0,12.2,0.0,0.7,0.0,65.2,68.0,42.0,16.3,0.4176846451,0.6636542543,,,,,,,,,,
E14001307,Jarrow and Gateshead East,Northern England,Lab,9.1,51.3,4.7,6.5,0.0,0.0,26.9,0.0,0.0,1.4,54.1,95.0,24.0,20.2,0.4163508141,0.9067918484,,,,,,,,,,
E14001093,Birmingham Erdington,Midlands,Lab,15.8,43.3,3.3,7.2,0.0,0.0,22.7,0.0,6.6,1.1,51.7,63.0,24.0,13.9,0.4152479012,0.7905943624,,,,,,,,,,
E14001595,Wolverhampton South East,Midlands,Lab,16.9,50.3,2.3,4.9,0.0,0.0,22.8,0.0,0.0,2.7,49.4,63.0,21.0,14.1,0.4147370209,0.8172189637,,,,,,,,,,
E14001268,Harpenden and Berkhamsted,Southern England,LDem,30.5,7.5,50.2,3.6,0.0,0.0,7.8,0.0,0.0,0.4,75.3,92.0,52.0,20.7,0.414645564,0.6646122283,,,,,,,,,,
E14001591,Witney,Southern England,LDem,32.6,9.4,41.2,3.3,0.0,0.0,12.5,0.0,0.7,0.3,65.3,95.0,38.0,20.0,0.4141321899,0.7870219348,,,,,,,,,,
E14001376,Newbury,Southern England,LDem,35.3,7.5,40.1,5.5,0.0,0.0,10.9,0.0,0.0,0.6,63.7,93.0,36.0,19.7,0.4128830333,0.7973676145,,,,,,,,,,
E14001189,Dagenham and Rainham,London,Lab,17.8,42.6,2.7,10.8,0.0,0.0,24.2,0.0,1.9,0.0,56.5,58.0,30.0,12.3,0.412700063,0.7182792561,,,,,,,,,,
E14001133,Bristol North East,Southern England,Lab,14.8,45.3,4.7,18.7,0.0,0.0,12.9,0.0,2.5,1.2,60.4,79.0,32.0,15.3,0.4113227299,0.7706612938,,,,,,,,,,
E14001501,Southend East and Rochford,Southern England,Lab,28.7,38.8,5.7,6.8,0.0,0.0,18.2,0.0,0.0,1.8,55.1,87.0,25.0,18.5,0.4084044485,0.8703772234,,,,,,,,,,
E14001283,Hertford and Stortford,Southern England,Lab,29.7,38.5,7.7,8.1,0.0,0.0,15.4,0.0,0.0,0.5,67.8,90.0,40.0,17.5,0.4078739529,0.743523235,,,,,,,,,,
E14001425,Peterborough,Southern England,Lab,31.8,32.0,4.2,6.1,0.0,0.0,12.8,0.0,0.5,12.6,52.4,69.0,23.0,14.7,0.4070354604,0.8208227173,,,,,,,,,,
E14001546,Thurrock,Southern England,Lab,21.3,42.7,3.1,4.3,0.0,0.0,25.5,0.0,1.2,1.8,59.1,71.0,29.0,11.1,0.4070111106,0.7515001968,,,,,,,,,,
E14001105,Blackpool South,Northern England,Lab,15.6,48.1,3.0,3.4,0.0,0.0,28.6,0.0,0.7,0.5,54.0,94.0,22.0,18.9,0.4064155991,0.915754879,,,,,,,,,,
E14001317,Knowsley,Northern England,Lab,4.2,67.3,3.4,7.7,0.0,0.0,16.4,0.0,0.0,1.1,56.0,96.0,23.0,17.0,0.4061142304,0.9003932645,,,,,,,,,,
E14001297,Huddersfield,Northern England,Lab,16.3,37.6,4.3,26.3,0.0,0.0,15.4,0.0,0.0,0.0,56.3,62.0,30.0,15.7,0.4053005437,0.7512486107,,,,,,,,,,
S14000105,Stirling and Strathallan,Scotland,Lab,19.0,33.9,5.1,4.7,31.1,0.0,6.3,0.0,0.0,0.0,67.2,96.0,40.0,21.5,0.4047591225,0.7844089273,,,,,,,,,,
E14001531,Sunderland Central,Northern England,Lab,14.3,42.2,9.0,7.5,0.0,0.0,27.0,0.0,0.0,0.0,57.6,89.0,28.0,19.6,0.4043512396,0.857902703,,,,,,,,,,
E14001348,Maidenhead,Southern England,LDem,37.6,11.5,43.5,4.0,0.0,0.0,0.0,0.0,2.4,1.0,69.9,80.0,45.0,18.4,0.4037599705,0.6844844673,,,,,,,,,,
E14001153,Carshalton and Wallington,London,LDem,26.2,13.1,43.1,3.3,0.0,0.0,12.7,0.0,0.0,1.6,63.6,68.0,37.0,14.4,0.4036795003,0.6982703693,,,,,,,,,,
E14001370,Milton Keynes North,Southern England,Lab,30.2,42.0,7.3,7.1,0.0,0.0,13.4,0.0,0.0,0.0,62.3,80.0,35.0,18.1,0.403673637,0.7673568748,,,,,,,,,,
E14001341,Liverpool West Derby,Northern England,Lab,4.1,66.6,3.4,7.0,0.0,0.0,12.8,0.0,0.0,6.1,57.2,90.0,26.0,17.8,0.4034335078,0.8662215986,,,,,,,,,,
E14001541,Telford,Midlands,Lab,21.4,44.7,3.8,5.2,0.0,0.0,24.8,0.0,0.0,0.0,56.5,89.0,24.0,15.9,0.4022955738,0.8689580452,,,,,,,,,,
E14001315,Kingston upon Hull West and Haltemprice,Northern England,Lab,18.1,46.8,6.9,4.6,0.0,0.0,23.3,0.0,0.0,0.3,57.0,92.0,26.0,19.5,0.4004820833,0.8825449361,,,,,,,,,,
E14001337,Liverpool Garston,Northern England,Lab,7.0,58.4,7.7,6.7,0.0,0.0,10.5,0.0,0.6,9.1,62.4,91.0,34.0,21.1,0.3992289115,0.8224182865,,,,,,,,,,
E14001456,Runnymede and Weybridge,Southern England,Con,38.2,20.6,22.4,4.0,0.0,0.0,13.3,0.0,1.1,0.3,67.9,84.0,41.0,18.5,0.3991038641,0.7298580894,,,,,,,,,,
E14001117,Bracknell,Southern England,Lab,31.9,33.7,10.9,4.9,0.0,0.0,17.0,0.0,1.1,0.4,64.2,85.0,34.0,15.3,0.398319622,0.7717929901,,,,,,,,,,
E14001072,Banbury,Southern England,Lab,31.6,38.3,9.0,5.4,0.0,0.0,13.0,0.0,1.8,0.8,63.9,90.0,35.0,19.7,0.3974301516,0.8032898583,,,,,,,,,,
E14001284,Hertsmere,Southern England,Con,44.7,28.0,7.7,4.7,0.0,0.0,13.7,0.0,1.1,0.0,65.2,78.0,39.0,19.3,0.3971847032,0.7377185417,,,,,,,,,,
E14001411,Nottingham North and Kimberley,Midlands,Lab,19.4,47.1,3.8,9.6,0.0,0.0,20.1,0.0,0.0,0.0,54.3,73.0,24.0,15.7,0.3970808525,0.831008953,,,,,,,,,,
E14001173,City of Durham,Northern England,Lab,12.9,47.1,14.6,6.9,0.0,0.0,18.2,0.0,0.0,0.4,62.5,91.0,33.0,19.7,0.3970637248,0.8228611896,,,,,,,,,,
E14001159,Chelmsford,Southern England,LDem,30.5,12.0,39.9,3.1,0.0,0.0,13.3,0.0,0.1,1.0,65.3,85.0,36.0,16.7,0.3961465428,0.7643212449,,,,,,,,,,
E14001528,Stretford and Urmston,Northern England,Lab,14.1,49.2,4.8,9.6,0.0,0.0,11.9,0.0,0.0,10.4,63.7,73.0,36.0,15.9,0.3957967955,0.7306744844,,,,,,,,,,
E14001270,Harrow East,London,Con,53.3,28.9,3.2,4.2,0.0,0.0,4.6,0.0,4.4,1.5,60.6,37.0,41.0,17.4,0.3957902292,0.6114705643,,,,,,,,,,
E14001289,Hitchin,Southern England,Lab,28.5,43.9,9.4,5.0,0.0,0.0,12.9,0.0,0.0,0.3,68.6,88.0,40.0,17.7,0.39526084,0.7436580781,,,,,,,,,,
E14001237,Filton and Bradley Stoke,Southern England,Lab,25.6,45.5,7.1,8.2,0.0,0.0,13.5,0.0,0.0,0.0,67.5,84.0,37.0,13.6,0.3950658581,0.7339702332,,,,,,,,,,
E14001167,Chingford and Woodford Green,London,Con,35.6,25.8,2.6,2.7,0.0,0.0,7.5,0.0,25.7,0.0,64.0,63.0,39.0,16.8,0.3941340665,0.6870992048,,,,,,,,,,
E14001267,Harlow,Southern England,Lab,31.8,37.6,3.1,5.2,0.0,0.0,21.8,0.0,0.0,0.4,57.3,84.0,25.0,15.8,0.3932142894,0.8502851504,,,,,,,,,,
E14001274,Hastings and Rye,Southern England,Lab,22.8,41.6,5.6,12.5,0.0,0.0,16.1,0.0,0.3,1.1,58.6,92.0,29.0,22.9,0.3917279967,0.8808510284,,,,,,,,,,
W07000104,Newport East,Wales,Lab,16.8,42.5,5.3,5.4,0.0,5.8,19.1,0.0,4.7,0.4,59.6,83.0,28.0,15.9,0.3915100337,0.8237071976,,,,,,,,,,
E14001554,Truro and Falmouth,Southern England,Lab,25.1,41.3,13.0,6.9,0.0,0.0,12.3,0.0,1.0,0.3,64.8,95.0,37.0,23.9,0.3914882261,0.8265046699,,,,,,,,,,
E14001320,Leeds East,Northern England,Lab,17.5,47.2,3.7,8.9,0.0,0.0,18.6,0.0,1.0,3.0,56.5,73.0,26.0,15.7,0.3910316081,0.8152713377,,,,,,,,,,
E14001403,North West Hampshire,Southern England,Con,35.0,28.5,15.0,5.4,0.0,0.0,15.2,0.0,0.0,0.9,65.1,92.0,34.0,17.7,0.3897404991,0.8060641251,,,,,,,,,,
E14001187,Croydon South,London,Con,40.0,35.3,8.9,5.8,0.0,0.0,8.4,0.0,0.4,1.2,69.4,63.0,46.0,18.0,0.3894647768,0.6363834535,,,,,,,,,,
E14001090,Bicester and Woodstock,Southern England,LDem,28.8,16.4,38.7,4.8,0.0,0.0,10.8,0.0,0.0,0.6,68.0,89.0,39.0,18.9,0.389012127,0.7642688314,,,,,,,,,,
E14001492,South Shields,Northern England,Lab,11.2,41.1,3.8,14.8,0.0,0.0,23.0,0.0,6.2,0.0,57.4,92.0,27.0,22.7,0.3887237324,0.8973094434,,,,,,,,,,
E14001065,Altrincham and Sale West,Northern England,Lab,32.3,40.4,9.2,7.2,0.0,0.0,9.6,0.0,0.0,1.2,74.2,80.0,49.0,19.4,0.3871050313,0.6610962155,,,,,,,,,,
E14001145,Bury South,Northern England,Lab,23.4,45.6,4.3,6.4,0.0,0.0,16.3,0.0,0.7,3.4,63.8,83.0,33.0,16.2,0.3868369009,0.7843407038,,,,,,,,,,
E14001547,Tipton and Wednesbury,Midlands,Lab,26.3,36.9,1.9,4.7,0.0,0.0,25.2,0.0,5.0,0.0,51.2,70.0,19.0,15.2,0.3860902888,0.866347931,,,,,,,,,,
E14001598,Worsley and Eccles,Northern England,Lab,16.0,47.7,4.4,7.7,0.0,0.0,21.6,0.0,1.1,1.7,62.8,88.0,31.0,17.0,0.3860689489,0.8186518794,,,,,,,,,,
E14001537,Swindon South,Southern England,Lab,26.9,48.4,4.1,5.7,0.0,0.0,13.8,0.0,1.1,0.0,59.1,75.0,28.0,15.2,0.3858889284,0.8015304691,,,,,,,,,,
E14001216,East Thanet,Southern England,Lab,23.6,39.9,3.2,10.7,0.0,0.0,20.1,0.0,2.4,0.0,58.0,92.0,27.0,22.1,0.3853666411,0.8949326649,,,,,,,,,,
E14001454,"Ruislip, Northwood and Pinner",London,Con,45.4,29.3,9.2,6.2,0.0,0.0,9.9,0.0,0.0,0.0,69.2,55.0,49.0,21.1,0.3850037563,0.6128765584,,,,,,,,,,
E14001578,West Suffolk,Southern England,Con,34.3,27.2,9.3,6.3,0.0,0.0,20.8,0.0,1.8,0.3,59.2,91.0,27.0,19.4,0.3848800077,0.8753017719,,,,,,,,,,
E14001272,Hartlepool,Northern England,Lab,21.9,46.2,1.6,2.3,0.0,0.0,24.5,0.0,2.5,0.9,58.2,96.0,25.0,20.0,0.3842325392,0.9082304141,,,,,,,,,,
E14001141,Buckingham and Bletchley,Southern England,Lab,31.9,36.9,9.0,5.4,0.0,0.0,15.7,0.0,1.0,0.0,64.4,80.0,35.0,17.6,0.3839188078,0.7699005863,,,,,,,,,,
E14001401,North West Cambridgeshire,Southern England,Lab,33.2,33.3,7.2,6.7,0.0,0.0,19.7,0.0,0.0,0.0,62.8,87.0,30.0,15.7,0.3824046588,0.8173340002,,,,,,,,,,
E14001557,Tynemouth,Northern England,Lab,18.7,50.6,5.6,7.4,0.0,0.0,15.3,0.0,1.7,0.8,66.9,95.0,38.0,23.2,0.3818618663,0.8160741311,,,,,,,,,,
E14001460,Salisbury,Southern England,Con,34.1,26.5,23.6,4.2,0.0,0.0,10.4,0.0,0.9,0.3,65.7,94.0,38.0,25.4,0.3816398142,0.8275054838,,,,,,,,,,
E14001518,Stockton North,Northern England,Lab,21.5,45.8,3.0,5.1,0.0,0.0,24.6,0.0,0.0,0.0,58.6,91.0,25.0,18.2,0.3808592854,0.8856495092,,,,,,,,,,
E14001593,Wokingham,Southern England,LDem,32.2,6.7,47.7,3.6,0.0,0.0,9.8,0.0,0.0,0.0,75.5,86.0,48.0,18.5,0.3807713416,0.6799797217,,,,,,,,,,
E14001560,Wakefield and Rothwell,Northern England,Lab,18.0,43.7,8.0,5.9,0.0,0.0,20.7,0.0,0.0,3.7,59.7,86.0,27.0,17.4,0.3806944989,0.8515031825,,,,,,,,,,
E14001269,Harrogate and Knaresborough,Northern England,LDem,30.2,8.0,46.1,3.4,0.0,0.0,10.9,0.0,1.5,0.0,69.5,95.0,41.0,22.8,0.3805430131,0.7886968361,,,,,,,,,,
E14001478,Smethwick,Midlands,Lab,12.9,48.0,2.9,7.8,0.0,0.0,16.1,0.0,4.8,7.4,53.7,48.0,25.0,13.0,0.3797881307,0.7503790032,,,,,,,,,,
E14001249,Godalming and Ash,Southern England,Con,42.6,5.0,41.0,2.3,0.0,0.0,8.8,0.0,0.0,0.4,72.1,93.0,44.0,21.8,0.3796960118,0.7522322674,,,,,,,,,,
E14001452,Rotherham,Northern England,Lab,0.0,45.1,7.6,7.1,0.0,0.0,30.3,0.0,1.5,8.3,55.8,84.0,22.0,16.8,0.3793545273,0.8860121563,,,,,,,,,,
E14001342,Loughborough,Midlands,Lab,29.1,40.8,6.1,7.0,0.0,0.0,17.0,0.0,0.0,0.0,63.8,83.0,33.0,17.6,0.3793068477,0.7952554708,,,,,,,,,,
E14001393,North East Hertfordshire,Southern England,Lab,31.3,35.0,10.4,7.2,0.0,0.0,16.1,0.0,0.0,0.0,66.6,91.0,37.0,21.3,0.3787058975,0.8040023259,,,,,,,,,,
E14001349,Maidstone and Malling,Southern England,Con,30.5,26.9,13.7,8.0,0.0,0.0,20.1,0.0,0.4,0.3,63.8,88.0,31.0,16.6,0.3774885315,0.8183354196,,,,,,,,,,
E14001191,Dartford,Southern England,Lab,31.9,34.6,4.9,7.2,0.0,0.0,21.4,0.0,0.0,0.0,64.7,73.0,33.0,12.8,0.3765494784,0.7415949579,,,,,,,,,,
E14001219,Eastbourne,Southern England,LDem,25.3,5.9,52.1,3.1,0.0,0.0,13.3,0.0,0.0,0.3,59.7,91.0,30.0,24.9,0.3761607413,0.8868142898,,,,,,,,,,
E14001210,Earley and Woodley,Southern England,Lab,37.8,39.7,13.4,7.4,0.0,0.0,0.0,0.0,0.0,1.7,69.6,70.0,41.0,14.6,0.3759660906,0.6780189996,,,,,,,,,,
E14001120,Bradford West,Northern England,Lab,8.2,31.6,2.0,10.0,0.0,0.0,8.0,0.0,40.2,0.0,52.2,29.0,25.0,10.5,0.3741044406,0.6907875728,,,,,,,,,,
S14000099,"Motherwell, Wishaw and Carluke",Scotland,Lab,6.2,49.1,2.1,3.1,31.0,0.0,7.7,0.0,0.0,0.9,59.6,95.0,25.0,18.9,0.3737802564,0.9014792531,,,,,,,,,,
E14001280,Henley and Thame,Southern England,LDem,33.2,6.7,45.0,3.8,0.0,0.0,9.8,0.0,0.6,1.0,72.5,94.0,45.0,24.1,0.3736932491,0.761824705,,,,,,,,,,
E14001071,Aylesbury,Southern England,Lab,28.9,30.2,20.9,5.2,0.0,0.0,13.5,0.0,0.0,1.3,66.3,79.0,35.0,15.6,0.373139582,0.7575392977,,,,,,,,,,
E14001070,Ashton-under-Lyne,Northern England,Lab,12.3,43.9,4.0,7.0,0.0,0.0,24.8,0.0,0.0,8.0,57.6,80.0,24.0,16.3,0.3731272082,0.8576852905,,,,,,,,,,
E14001190,Darlington,Northern England,Lab,33.8,39.2,4.1,6.7,0.0,0.0,16.2,0.0,0.0,0.0,60.9,93.0,28.0,20.7,0.3717392938,0.8830568836,,,,,,,,,,
E14001227,Epsom and Ewell,Southern England,LDem,31.2,15.3,37.9,3.2,0.0,0.0,10.6,0.0,0.0,1.8,73.0,81.0,45.0,19.1,0.3706021075,0.7002882877,,,,,,,,,,
E14001234,Farnham and Bordon,Southern England,Con,35.7,13.8,33.2,4.7,0.0,0.0,11.7,0.0,0.0,0.8,72.5,93.0,43.0,21.3,0.370118851,0.7597096694,,,,,,,,,,
E14001496,South West Hertfordshire,Southern England,Con,34.1,20.0,24.9,5.2,0.0,0.0,14.1,0.0,0.0,1.7,71.1,78.0,43.0,18.7,0.3698740747,0.7077372825,,,,,,,,,,
S14000106,West Dunbartonshire,Scotland,Lab,3.7,48.8,2.1,3.8,33.6,0.0,7.0,0.0,0.0,1.0,56.9,96.0,22.0,20.8,0.3695240649,0.942901045,,,,,,,,,,
E14001540,Taunton and Wellington,Southern England,LDem,24.6,7.1,48.4,3.6,0.0,0.0,16.0,0.0,0.0,0.3,64.1,93.0,33.0,22.7,0.3690652178,0.8540351199,,,,,,,,,,
S14000103,Perth and Kinross-shire,Scotland,SNP,29.6,18.0,7.4,0.0,37.8,0.0,5.9,0.0,1.4,0.0,66.4,96.0,36.0,23.8,0.3689530417,0.8428675839,,,,,,,,,,
E14001224,Ely and East Cambridgeshire,Southern England,LDem,31.8,17.5,32.7,4.5,0.0,0.0,12.3,0.0,0.4,0.8,68.2,93.0,37.0,20.8,0.3688177881,0.8082261226,,,,,,,,,,
W07000111,Wrexham,Wales,Lab,24.5,39.2,4.4,3.3,0.0,10.2,17.1,0.0,0.0,1.2,63.2,95.0,30.0,20.7,0.367978396,0.8719191193,,,,,,,,,,
W07000083,Bangor Aberconwy,Wales,Lab,21.7,33.6,3.7,3.3,0.0,21.9,14.6,0.0,0.0,1.3,65.6,96.0,35.0,24.2,0.3677101126,0.8541242584,,,,,,,,,,
E14001596,Wolverhampton West,Midlands,Lab,26.3,44.3,3.2,5.8,0.0,0.0,13.9,0.0,2.0,4.5,59.4,55.0,32.0,17.6,0.3673915857,0.7399748023,,,,,,,,,,
E14001094,Birmingham Hall Green and Moseley,Midlands,Lab,9.2,30.8,11.3,9.4,0.0,0.0,5.5,0.0,33.7,0.0,58.5,30.0,33.0,12.2,0.3664171334,0.6377930242,,,,,,,,,,
E14001248,Gloucester,Southern England,Lab,28.5,36.1,10.4,5.0,0.0,0.0,16.0,0.0,0.7,3.2,61.3,84.0,27.0,16.2,0.3662979395,0.8430402526,,,,,,,,,,
E14001446,Rochdale,Northern England,Lab,10.8,32.8,7.1,3.1,0.0,0.0,17.1,0.0,0.0,29.2,57.8,64.0,26.0,14.7,0.3656372948,0.7944421772,,,,,,,,,,
W07000090,Cardiff North,Wales,Lab,20.3,43.9,6.7,6.7,0.0,9.8,12.6,0.0,0.0,0.0,73.8,88.0,44.0,19.4,0.3649526668,0.7289492917,,,,,,,,,,
E14001198,Doncaster Central,Northern England,Lab,21.0,46.2,3.2,5.0,0.0,0.0,20.8,0.0,0.0,4.0,58.8,87.0,24.0,18.0,0.3642173579,0.8881970501,,,,,,,,,,
E14001442,Reigate,Southern England,Con,35.4,29.4,12.7,8.8,0.0,0.0,13.6,0.0,0.0,0.0,71.9,84.0,42.0,19.0,0.363492962,0.7342830992,,,,,,,,,,
E14001482,South Cotswolds,Southern England,LDem,34.4,7.5,43.9,3.0,0.0,0.0,9.8,0.0,0.6,0.7,69.2,95.0,40.0,25.4,0.362859587,0.8185178193,,,,,,,,,,
E14001063,Aldershot,Southern England,Lab,29.0,40.7,8.3,4.4,0.0,0.0,16.9,0.0,0.0,0.6,63.2,79.0,30.0,16.2,0.3618091643,0.807277483,,,,,,,,,,
E14001567,Washington and Gateshead South,Northern England,Lab,12.6,47.8,4.3,4.6,0.0,0.0,29.1,0.0,1.7,0.0,57.2,96.0,22.0,21.8,0.3613638479,0.9512725096,,,,,,,,,,
S14000108,"Berwickshire, Roxburgh and Selkirk",Scotland,Con,40.5,13.6,7.9,3.3,26.4,0.0,7.2,0.0,0.7,0.5,61.0,98.0,30.0,27.7,0.3609535241,0.9256694213,,,,,,,,,,
E14001386,North Cotswolds,Southern England,Con,34.7,17.1,28.0,6.4,0.0,0.0,12.9,0.0,0.9,0.0,70.0,96.0,40.0,24.8,0.3600018482,0.8174256353,,,,,,,,,,
E14001255,Great Grimsby and Cleethorpes,Northern England,Lab,22.6,41.9,2.8,3.0,0.0,0.0,28.8,0.0,0.0,0.9,56.9,96.0,20.0,19.5,0.3598775936,0.9543766408,,,,,,,,,,
E14001449,Romsey and Southampton North,Southern England,Con,39.8,9.3,35.4,3.8,0.0,0.0,11.4,0.0,0.4,0.0,67.9,89.0,38.0,23.3,0.3598460017,0.8081958326,,,,,,,,,,
E14001162,Chesham and Amersham,Southern England,LDem,34.8,6.4,44.8,3.1,0.0,0.0,9.8,0.0,0.0,1.1,74.7,83.0,47.0,21.7,0.3597213982,0.7073115964,,,,,,,,,,
E14001585,Wigan,Northern England,Lab,10.5,47.4,4.1,4.0,0.0,0.0,24.1,0.0,9.8,0.0,62.3,94.0,27.0,19.0,0.3596661151,0.8867727361,,,,,,,,,,
S14000082,Edinburgh West,Scotland,LDem,5.5,15.0,50.8,4.0,19.4,0.0,4.2,0.0,1.0,0.2,77.0,90.0,48.0,20.9,0.3596321632,0.710700919,,,,,,,,,,
S14000096,Lothian East,Scotland,Lab,11.5,49.0,5.5,5.1,21.4,0.0,6.3,0.0,0.0,1.2,67.9,97.0,35.0,21.6,0.3587066151,0.8426078468,,,,,,,,,,
E14001098,Birmingham Perry Barr,Midlands,Ind,11.3,34.1,3.5,6.5,0.0,0.0,6.5,0.0,36.9,1.2,52.1,21.0,25.0,11.1,0.3579677477,0.6794041311,,,,,,,,,,
E14001077,Basildon and Billericay,Southern England,Con,30.6,30.6,5.4,5.0,0.0,0.0,27.0,0.0,0.0,1.3,61.9,88.0,26.0,16.6,0.3570342502,0.8661520832,,,,,,,,,,
E14001075,Barnsley South,Northern England,Lab,9.3,46.7,3.3,4.3,0.0,0.0,33.2,0.0,0.0,3.1,57.7,97.0,20.0,18.8,0.3568325508,0.9532109355,,,,,,,,,,
S14000100,North East Fife,Scotland,LDem,3.9,9.4,54.7,3.9,23.2,0.0,4.9,0.0,0.0,0.0,66.8,95.0,36.0,25.1,0.356754145,0.8520876657,,,,,,,,,,
E14001382,Newton Aycliffe and Spennymoor,Northern England,Lab,20.6,46.2,3.7,4.3,0.0,0.0,24.0,0.0,0.0,1.3,61.3,97.0,26.0,21.4,0.3556745392,0.9187240622,,,,,,,,,,
E14001366,Mid Sussex,Southern England,LDem,27.1,17.6,39.6,3.8,0.0,0.0,11.1,0.0,0.0,0.7,71.9,92.0,40.0,20.2,0.3554442648,0.7799189063,,,,,,,,,,
S14000102,Paisley and Renfrewshire South,Scotland,Lab,5.4,47.4,3.2,4.2,31.6,0.0,7.2,0.0,0.8,0.3,63.1,94.0,28.0,19.7,0.3554432956,0.8839860031,,,,,,,,,,
E14001107,Blyth and Ashington,Northern England,Lab,15.2,49.6,3.5,4.9,0.0,0.0,26.9,0.0,0.0,0.0,59.0,97.0,23.0,21.3,0.3548623503,0.9439655593,,,,,,,,,,
E14001468,Sheffield Hallam,Northern England,Lab,12.0,46.3,30.4,8.7,0.0,0.0,0.0,0.0,0.0,2.6,79.0,88.0,51.0,21.9,0.3546138217,0.6878346398,,,,,,,,,,
E14001286,Heywood and Middleton North,Northern England,Lab,17.3,40.6,6.2,0.0,0.0,0.0,24.2,0.0,11.7,0.0,60.7,82.0,26.0,17.5,0.3545980353,0.8583853152,,,,,,,,,,
E14001318,Lancaster and Wyre,Northern England,Lab,23.4,44.9,3.6,12.2,0.0,0.0,16.0,0.0,0.0,0.0,67.0,91.0,34.0,20.5,0.3543630578,0.8310146626,,,,,,,,,,
E14001281,Hereford and South Herefordshire,Midlands,Con,32.6,29.8,11.7,7.0,0.0,0.0,18.4,0.0,0.5,0.0,63.7,95.0,31.0,24.1,0.3537883179,0.889073955,,,,,,,,,,
E14001082,Beaconsfield,Southern England,Con,38.8,15.1,27.3,4.1,0.0,0.0,12.7,0.0,1.7,0.3,71.3,79.0,43.0,22.2,0.3532324512,0.7366848456,,,,,,,,,,
E14001455,Runcorn and Helsby,Northern England,Lab,16.0,52.9,5.1,6.4,0.0,0.0,18.1,0.0,0.0,1.4,63.9,97.0,29.0,21.4,0.352962195,0.8938966917,,,,,,,,,,
E14001457,Rushcliffe,Midlands,Lab,30.9,43.8,5.4,7.6,0.0,0.0,11.0,0.0,1.3,0.0,75.6,89.0,46.0,21.8,0.3527522062,0.7325163682,,,,,,,,,,
E14001594,Wolverhampton North East,Midlands,Lab,26.6,42.9,3.0,4.3,0.0,0.0,23.2,0.0,0.0,0.0,56.5,72.0,22.0,16.6,0.3523203721,0.8635801361,,,,,,,,,,
E14001515,Stalybridge and Hyde,Northern England,Lab,18.5,43.8,2.9,7.4,0.0,0.0,20.9,0.0,3.3,3.3,62.1,90.0,26.0,17.8,0.3521339503,0.8801603998,,,,,,,,,,
E14001262,Halifax,Northern England,Lab,19.6,35.1,5.9,10.3,0.0,0.0,19.4,0.0,3.4,6.3,60.3,78.0,26.0,17.4,0.352008346,0.8487578401,,,,,,,,,,
E14001510,St Helens South and Whiston,Northern England,Lab,8.0,49.7,5.8,6.9,0.0,0.0,18.3,0.0,11.2,0.0,63.0,96.0,27.0,19.8,0.3519850941,0.8984651748,,,,,,,,,,
E14001137,Bromley and Biggin Hill,London,Con,34.0,33.4,9.3,5.5,0.0,0.0,17.5,0.0,0.0,0.2,72.1,77.0,42.0,18.3,0.3517342236,0.7160445665,,,,,,,,,,
E14001181,Coventry North West,Midlands,Lab,20.3,46.9,4.6,8.1,0.0,0.0,18.9,0.0,1.2,0.0,63.2,74.0,30.0,16.5,0.3514549219,0.7996125702,,,,,,,,,,
S14000094,"Inverness, Skye and West Ross-shire",Scotland,LDem,5.2,13.0,37.8,4.2,33.3,0.0,6.1,0.0,0.0,0.4,66.1,97.0,32.0,22.1,0.3507408943,0.8732296365,,,,,,,,,,
E14001147,Calder Valley,Northern England,Lab,26.3,44.4,5.2,7.5,0.0,0.0,15.4,0.0,0.0,1.2,69.0,95.0,36.0,22.0,0.3494325719,0.8347315022,,,,,,,,,,
E14001539,Tatton,Northern England,Con,38.4,36.3,8.9,5.0,0.0,0.0,11.5,0.0,0.0,0.0,74.6,93.0,45.0,24.4,0.3486763518,0.768411218,,,,,,,,,,
E14001431,Portsmouth North,Southern England,Lab,33.0,34.8,7.3,4.5,0.0,0.0,20.4,0.0,0.0,0.0,63.8,90.0,27.0,16.8,0.348177445,0.8661273373,,,,,,,,,,
E14001453,Rugby,Midlands,Lab,30.8,39.9,6.6,5.2,0.0,0.0,16.8,0.0,0.7,0.0,67.2,86.0,33.0,18.0,0.3481187965,0.8131200307,,,,,,,,,,
E14001110,Bolton North East,Northern England,Lab,21.9,37.3,3.5,10.8,0.0,0.0,21.7,0.0,1.4,3.4,60.0,75.0,26.0,17.8,0.3477612972,0.8452277927,,,,,,,,,,
E14001295,Houghton and Sunderland South,Northern England,Lab,13.8,47.1,5.7,4.3,0.0,0.0,29.1,0.0,0.0,0.0,59.8,97.0,23.0,21.1,0.3477314197,0.9445168158,,,,,,,,,,
E14001473,Shrewsbury,Midlands,Lab,22.5,44.5,13.0,4.6,0.0,0.0,14.6,0.0,0.3,0.5,66.9,95.0,34.0,23.5,0.3476840023,0.8614704695,,,,,,,,,,
E14001426,Plymouth Moor View,Southern England,Lab,28.1,41.2,4.1,4.0,0.0,0.0,22.6,0.0,0.0,0.0,60.0,96.0,23.0,20.6,0.3467289158,0.9390362316,,,,,,,,,,
E14001298,Huntingdon,Southern England,Con,35.1,32.2,9.3,5.8,0.0,0.0,15.4,0.0,2.2,0.0,68.5,91.0,35.0,20.6,0.3462274802,0.8254909328,,,,,,,,,,
E14001069,Ashford,Southern England,Lab,28.7,32.5,5.2,9.3,0.0,0.0,21.6,0.0,0.0,2.7,64.8,86.0,29.0,17.1,0.3446868931,0.8425498528,,,,,,,,,,
E14001102,Blackburn,Northern England,Ind,8.9,26.7,1.8,3.6,0.0,0.0,12.5,0.0,28.2,18.3,57.0,47.0,25.0,12.9,0.3446130958,0.7566261148,,,,,,,,,,
E14001392,North East Hampshire,Southern England,LDem,37.0,9.1,38.1,2.6,0.0,0.0,12.0,0.0,0.0,1.2,75.1,93.0,43.0,20.9,0.3444858442,0.7641323503,,,,,,,,,,
S14000068,Bathgate and Linlithgow,Scotland,Lab,7.5,47.0,5.2,3.3,27.2,0.0,8.4,0.0,0.5,0.9,64.9,96.0,28.0,19.0,0.3443054133,0.8872752255,,,,,,,,,,
E14001185,Crewe and Nantwich,Northern England,Lab,23.5,44.1,4.8,4.6,0.0,0.0,20.3,0.0,0.0,2.6,65.2,92.0,29.0,18.6,0.3441279695,0.8663848967,,,,,,,,,,
E14001347,Macclesfield,Northern England,Lab,29.5,46.7,4.7,4.7,0.0,0.0,12.5,0.0,1.5,0.4,72.4,96.0,41.0,24.5,0.3435716613,0.8117296786,,,,,,,,,,
E14001168,Chippenham,Southern England,LDem,29.1,7.9,45.5,3.9,0.0,0.0,12.4,0.0,1.1,0.0,67.7,93.0,33.0,20.3,0.3434335764,0.8457758718,,,,,,,,,,
E14001407,Northampton South,Midlands,Lab,29.2,38.5,7.3,5.5,0.0,0.0,18.7,0.0,0.0,0.9,66.5,81.0,31.0,15.4,0.3433276538,0.8033756966,,,,,,,,,,
E14001408,Norwich North,Southern England,Lab,21.7,45.4,4.5,9.6,0.0,0.0,18.0,0.0,0.8,0.0,63.0,92.0,27.0,20.2,0.342426443,0.8940817225,,,,,,,,,,
E14001561,Wallasey,Northern England,Lab,11.7,57.7,4.3,9.1,0.0,0.0,15.6,0.0,0.0,1.5,63.0,96.0,27.0,21.7,0.3420720746,0.9132848568,,,,,,,,,,
E14001294,Horsham,Southern England,LDem,34.4,10.8,39.0,3.9,0.0,0.0,11.0,0.0,0.0,0.9,70.8,92.0,37.0,20.3,0.3420488045,0.8101514913,,,,,,,,,,
E14001179,Corby and East Northamptonshire,Midlands,Lab,29.6,42.4,4.4,5.1,0.0,0.0,17.7,0.0,0.9,0.0,64.5,93.0,27.0,17.7,0.3418160491,0.8809826483,,,,,,,,,,
E14001165,Chesterfield,Midlands,Lab,20.4,46.5,6.1,6.5,0.0,0.0,19.0,0.0,0.0,1.5,62.5,95.0,27.0,22.5,0.3417274352,0.916319258,,,,,,,,,,
E14001402,North West Essex,Southern England,Con,35.6,30.8,11.1,5.2,0.0,0.0,14.1,0.0,3.1,0.0,70.2,93.0,36.0,20.4,0.3413512588,0.8216127666,,,,,,,,,,
E14001513,Stafford,Midlands,Lab,30.3,40.3,3.6,6.2,0.0,0.0,18.7,0.0,0.0,0.9,67.6,92.0,34.0,22.3,0.3413208284,0.8486059985,,,,,,,,,,
E14001118,Bradford East,Northern England,Lab,9.3,37.9,5.1,6.9,0.0,0.0,13.3,0.0,25.3,2.2,55.7,45.0,22.0,10.8,0.3407349717,0.7653977853,,,,,,,,,,
E14001204,Dudley,Midlands,Lab,28.8,34.1,3.0,3.2,0.0,0.0,26.4,0.0,2.8,1.7,59.5,80.0,23.0,17.3,0.3400790414,0.8819078542,,,,,,,,,,
E14001095,Birmingham Hodge Hill and Solihull North,Midlands,Lab,13.6,31.2,2.8,6.9,0.0,0.0,18.9,0.0,0.0,26.6,54.2,49.0,20.0,12.4,0.3396896155,0.8023718417,,,,,,,,,,
E14001254,Gravesham,Southern England,Lab,32.2,38.5,3.5,5.2,0.0,0.0,20.6,0.0,0.0,0.0,62.2,76.0,27.0,16.9,0.3384753671,0.8363331656,,,,,,,,,,
E14001166,Chichester,Southern England,LDem,25.7,6.1,49.2,3.5,0.0,0.0,15.1,0.0,0.4,0.0,66.1,95.0,34.0,27.0,0.3382050759,0.8865430438,,,,,,,,,,
E14001322,Leeds North West,Northern England,Lab,22.1,46.0,11.3,6.5,0.0,0.0,11.9,0.0,0.0,2.2,74.7,91.0,43.0,22.4,0.3381883075,0.7708966898,,,,,,,,,,
E14001146,Bury St Edmunds and Stowmarket,Southern England,Lab,30.0,32.9,6.2,11.3,0.0,0.0,16.9,0.0,1.6,1.0,65.6,95.0,31.0,23.2,0.3380974694,0.8879171298,,,,,,,,,,
E14001429,Poole,Southern England,Lab,31.8,31.8,12.4,5.0,0.0,0.0,16.7,0.0,1.6,0.7,66.2,94.0,32.0,23.4,0.3377181027,0.8781799368,,,,,,,,,,
E14001360,Mid Buckinghamshire,Southern England,Con,37.3,17.0,26.5,5.5,0.0,0.0,12.8,0.0,0.0,0.9,75.1,91.0,43.0,21.5,0.3376385339,0.7652731081,,,,,,,,,,
E14001416,"Oldham West, Chadderton and Royton",Northern England,Lab,10.5,34.3,3.3,4.8,0.0,0.0,17.8,0.0,29.3,0.0,57.8,60.0,23.0,14.1,0.3374994812,0.8142855544,,,,,,,,,,
E14001447,Rochester and Strood,Southern England,Lab,29.3,36.2,4.4,5.7,0.0,0.0,23.4,0.0,0.0,1.0,64.6,86.0,27.0,15.8,0.3370975357,0.8538099924,,,,,,,,,,
E14001329,Leigh and Atherton,Northern England,Lab,15.7,48.5,3.9,4.0,0.0,0.0,26.9,0.0,0.0,0.9,63.3,94.0,25.0,18.2,0.3369869106,0.9050956155,,,,,,,,,,
E14001211,Easington,Northern England,Lab,10.9,48.9,2.4,3.4,0.0,0.0,29.8,0.0,0.0,4.6,59.6,98.0,21.0,20.9,0.3365877731,0.9658539539,,,,,,,,,,
E14001285,Hexham,Northern England,Lab,39.1,46.3,4.6,4.8,0.0,0.0,0.0,0.0,2.9,2.3,69.8,96.0,39.0,28.3,0.3360404923,0.8546973838,,,,,,,,,,
E14001526,Stratford-on-Avon,Midlands,LDem,30.8,7.1,44.3,2.3,0.0,0.0,14.6,0.0,0.6,0.4,70.3,95.0,39.0,26.7,0.3359928226,0.8427565441,,,,,,,,,,
E14001380,Newcastle-under-Lyme,Midlands,Lab,27.6,40.4,5.0,4.7,0.0,0.0,22.4,0.0,0.0,0.0,64.9,91.0,29.0,20.5,0.3355805093,0.8784800588,,,,,,,,,,
S14000095,Livingston,Scotland,Lab,7.7,40.9,4.5,3.8,33.0,0.0,8.9,0.0,0.0,1.2,65.3,94.0,27.0,17.6,0.3355235538,0.8842416298,,,,,,,,,,
E14001361,Mid Cheshire,Northern England,Lab,23.0,44.5,5.9,4.7,0.0,0.0,19.2,0.0,2.7,0.0,67.4,95.0,30.0,18.5,0.3354083713,0.8672339728,,,,,,,,,,
E14001564,Warrington North,Northern England,Lab,16.2,46.8,6.8,4.7,0.0,0.0,23.8,0.0,1.6,0.0,64.9,95.0,28.0,20.3,0.335103502,0.8959395601,,,,,,,,,,
S14000101,Paisley and Renfrewshire North,Scotland,Lab,6.4,47.1,3.3,3.5,31.9,0.0,7.8,0.0,0.0,0.0,66.5,92.0,30.0,19.5,0.3344195449,0.8665360002,,,,,,,,,,
E14001119,Bradford South,Northern England,Lab,14.7,35.8,2.9,10.2,0.0,0.0,22.5,0.0,10.1,3.8,59.6,70.0,23.0,14.5,0.3343834303,0.841694274,,,,,,,,,,
E14001309,Kenilworth and Southam,Midlands,Con,36.4,24.0,19.6,5.9,0.0,0.0,13.0,0.0,0.0,1.1,75.6,93.0,44.0,23.5,0.3343135512,0.7753062891,,,,,,,,,,
E14001415,Oldham East and Saddleworth,Northern England,Lab,17.1,35.2,8.5,3.7,0.0,0.0,19.3,0.0,4.7,11.6,62.1,72.0,27.0,16.9,0.3327887411,0.8280742644,,,,,,,,,,
W07000084,Blaenau Gwent and Rhymney,Wales,Lab,12.6,53.6,4.2,5.7,0.0,12.8,0.0,0.0,8.1,2.9,60.0,97.0,21.0,20.5,0.3327450587,0.9618028744,,,,,,,,,,
W07000102,Montgomeryshire and Glyndŵr,Wales,Lab,18.0,29.4,15.0,4.0,0.0,13.1,20.6,0.0,0.0,0.0,64.2,98.0,29.0,25.1,0.332599532,0.9253701656,,,,,,,,,,
E14001505,Spelthorne,Southern England,Con,30.4,27.0,18.9,5.2,0.0,0.0,17.9,0.0,0.0,0.6,68.1,78.0,34.0,17.9,0.3325539577,0.7895330352,,,,,,,,,,
E14001439,Reading West and Mid Berkshire,Southern England,Lab,32.0,35.0,11.0,6.8,0.0,0.0,13.4,0.0,1.8,0.0,70.2,86.0,36.0,19.7,0.3323239215,0.803263201,,,,,,,,,,
E14001574,West Bromwich,Midlands,Lab,20.1,46.2,3.6,5.6,0.0,0.0,19.5,0.0,4.7,0.4,57.4,54.0,24.0,15.4,0.3323096528,0.8013727121,,,,,,,,,,
S14000070,Coatbridge and Bellshill,Scotland,Lab,3.6,49.8,1.7,3.2,33.4,0.0,6.7,0.0,0.0,1.6,61.1,96.0,21.0,18.0,0.3318398302,0.9437426893,,,,,,,,,,
E14001226,Epping Forest,Southern England,Con,43.2,29.6,12.6,6.0,0.0,0.0,0.0,0.0,7.3,1.4,68.2,81.0,34.0,19.0,0.3314348699,0.8039888876,,,,,,,,,,
E14001565,Warrington South,Northern England,Lab,23.9,46.7,7.7,4.7,0.0,0.0,15.9,0.0,0.9,0.2,71.0,92.0,35.0,18.8,0.3313453127,0.8202555036,,,,,,,,,,
S14000067,"Argyll, Bute and South Lochaber",Scotland,SNP,20.8,19.1,16.4,0.0,34.7,0.0,6.8,0.0,2.1,0.0,67.1,99.0,34.0,27.7,0.3312832163,0.9022192121,,,,,,,,,,
E14001311,Kettering,Midlands,Lab,28.2,35.9,2.7,13.9,0.0,0.0,16.9,0.0,2.1,0.3,65.5,90.0,28.0,18.4,0.3305148189,0.8727296759,,,,,,,,,,
W07000109,Torfaen,Wales,Lab,16.1,42.5,4.6,4.8,0.0,7.2,22.0,0.0,2.5,0.4,64.4,96.0,27.0,21.2,0.330369892,0.9133863091,,,,,,,,,,
E14001543,The Wrekin,Midlands,Con,32.6,30.9,9.5,6.1,0.0,0.0,19.8,0.0,1.1,0.0,65.7,89.0,30.0,20.7,0.3302870344,0.8684681436,,,,,,,,,,
E14001450,Rossendale and Darwen,Northern England,Lab,28.3,40.9,2.8,5.2,0.0,0.0,21.7,0.0,0.0,1.1,68.4,95.0,31.0,19.1,0.3302843661,0.863576197,,,,,,,,,,
E14001529,Stroud,Southern England,Lab,25.7,46.4,5.3,10.4,0.0,0.0,11.5,0.0,0.5,0.3,71.8,97.0,38.0,23.9,0.3302581724,0.839508485,,,,,,,,,,
E14001142,Burnley,Northern England,Lab,20.3,31.7,23.1,3.8,0.0,0.0,19.5,0.0,1.5,0.0,61.2,77.0,25.0,17.8,0.3300305977,0.8639495801,,,,,,,,,,
E14001549,Tonbridge,Southern England,Con,40.8,18.6,8.4,15.1,0.0,0.0,15.0,0.0,0.0,2.1,69.9,93.0,35.0,21.7,0.3299184922,0.8418917935,,,,,,,,,,
E14001444,Richmond and Northallerton,Northern England,Con,47.5,22.4,8.9,4.2,0.0,0.0,14.7,0.0,0.9,1.3,67.5,95.0,35.0,27.4,0.329884163,0.8829396011,,,,,,,,,,
E14001465,Sevenoaks,Southern England,Con,36.7,13.6,25.8,4.1,0.0,0.0,18.7,0.0,0.0,1.0,71.9,91.0,38.0,21.7,0.3298256579,0.81142477,,,,,,,,,,
S14000083,Falkirk,Scotland,Lab,8.4,43.0,2.6,4.0,31.3,0.0,7.9,0.0,1.4,1.4,64.3,96.0,26.0,19.9,0.3295171399,0.9137966012,,,,,,,,,,
E14001358,Meriden and Solihull East,Midlands,Con,38.1,27.7,7.6,6.7,0.0,0.0,19.9,0.0,0.0,0.0,68.6,85.0,35.0,21.6,0.3291994441,0.8219154047,,,,,,,,,,
E14001287,High Peak,Midlands,Lab,29.7,45.8,3.5,6.9,0.0,0.0,14.1,0.0,0.0,0.0,71.0,98.0,36.0,23.2,0.3287531776,0.8546352371,,,,,,,,,,
E14001164,Chester South and Eddisbury,Northern England,Con,37.9,32.1,10.3,4.3,0.0,0.0,12.2,0.0,3.1,0.0,75.4,97.0,43.0,25.0,0.3286743851,0.8042530526,,,,,,,,,,
E14001201,Dorking and Horley,Southern England,LDem,31.1,8.1,41.9,5.1,0.0,0.0,13.8,0.0,0.0,0.0,73.3,92.0,40.0,22.6,0.3282945505,0.8029033205,,,,,,,,,,
E14001074,Barnsley North,Northern England,Lab,8.4,50.4,3.6,4.9,0.0,0.0,29.3,0.0,1.7,1.7,62.4,96.0,23.0,19.4,0.3278724564,0.9365503191,,,,,,,,,,
E14001206,Dunstable and Leighton Buzzard,Southern England,Lab,31.1,32.5,14.1,4.6,0.0,0.0,17.5,0.0,0.0,0.2,68.3,86.0,31.0,16.4,0.3276784908,0.8260013978,,,,,,,,,,
W07000095,Clwyd North,Wales,Lab,32.7,35.5,4.0,3.3,0.0,7.6,16.8,0.0,0.0,0.0,64.4,97.0,29.0,25.4,0.3273904622,0.9265157289,,,,,,,,,,
E14001581,Weston-super-Mare,Southern England,Lab,28.1,38.5,8.9,6.3,0.0,0.0,18.2,0.0,0.0,0.0,64.2,94.0,27.0,21.4,0.3272417945,0.9111370747,,,,,,,,,,
E14001214,East Hampshire,Southern England,Con,37.0,9.7,34.5,4.8,0.0,0.0,13.0,0.0,0.0,1.0,72.8,97.0,40.0,25.8,0.3270940298,0.8356633983,,,,,,,,,,
E14001170,Chorley,Northern England,Ind,0.0,0.0,0.0,13.7,0.0,0.0,0.0,0.0,74.3,12.0,70.6,96.0,34.0,20.3,0.3265047069,0.8493893814,,,,,,,,,,
E14001461,Scarborough and Whitby,Northern England,Lab,27.9,40.2,4.3,3.9,0.0,0.0,21.8,0.0,0.0,1.9,62.6,96.0,28.0,27.3,0.3260443882,0.9451115399,,,,,,,,,,
W07000096,Dwyfor Meirionnydd,Wales,PC,11.7,14.6,3.4,3.6,0.0,53.9,12.0,0.0,0.0,0.7,68.2,98.0,34.0,26.1,0.3259664717,0.8913911785,,,,,,,,,,
E14001148,Camborne and Redruth,Southern England,Lab,24.2,40.5,8.6,5.9,0.0,0.0,18.7,0.0,0.0,2.0,65.6,97.0,29.0,23.2,0.3256699329,0.9129566545,,,,,,,,,,
S14000071,Cowdenbeath and Kirkcaldy,Scotland,Lab,7.8,45.7,3.9,3.8,28.0,0.0,7.7,0.0,0.0,3.1,64.9,96.0,28.0,22.6,0.3254668065,0.9155914762,,,,,,,,,,
W07000099,Merthyr Tydfil and Aberdare,Wales,Lab,7.6,44.8,3.6,3.5,0.0,13.5,23.7,0.0,1.1,2.1,64.2,98.0,25.0,20.2,0.3245482452,0.930573693,,,,,,,,,,
E14001428,"Pontefract, Castleford and Knottingley",Northern England,Lab,15.0,47.5,3.4,4.6,0.0,0.0,29.1,0.0,0.0,0.4,62.7,97.0,22.0,18.1,0.3241761414,0.9407302413,,,,,,,,,,
E14001299,Hyndburn,Northern England,Lab,28.9,33.5,3.3,13.6,0.0,0.0,20.7,0.0,0.0,0.0,63.2,81.0,26.0,18.0,0.3237517773,0.8676214131,,,,,,,,,,
E14001232,Exmouth and Exeter East,Southern England,Con,28.7,28.5,22.2,4.5,0.0,0.0,13.8,0.0,2.0,0.3,69.9,95.0,35.0,23.7,0.3235724292,0.8608501614,,,,,,,,,,
E14001511,St Ives,Southern England,LDem,23.4,5.8,52.0,3.7,0.0,0.0,13.5,0.0,0.7,0.8,65.3,96.0,32.0,28.9,0.3226268019,0.9222596288,,,,,,,,,,
S14000065,Angus and Perthshire Glens,Scotland,SNP,30.1,14.4,6.7,0.0,40.4,0.0,6.9,0.0,1.5,0.0,65.8,98.0,31.0,26.9,0.3224380988,0.9229164779,,,,,,,,,,
W07000101,Monmouthshire,Wales,Lab,34.8,41.3,4.5,4.6,0.0,2.5,10.7,0.0,0.9,0.7,71.9,96.0,39.0,26.6,0.3223522594,0.8477780613,,,,,,,,,,
E14001509,St Helens North,Northern England,Lab,11.1,52.6,4.4,8.6,0.0,0.0,22.5,0.0,0.0,0.7,65.3,96.0,27.0,20.9,0.3221262525,0.9139872229,,,,,,,,,,
E14001397,North Northumberland,Northern England,Lab,26.2,36.6,10.6,3.6,0.0,0.0,15.7,0.0,7.2,0.2,65.3,97.0,33.0,31.0,0.3220908884,0.9291715241,,,,,,,,,,
S14000063,Airdrie and Shotts,Scotland,Lab,4.6,51.5,2.0,0.0,30.9,0.0,8.1,0.0,0.0,2.9,62.2,97.0,21.0,18.1,0.3219474944,0.9494589472,,,,,,,,,,
E14001140,Broxtowe,Midlands,Lab,23.3,40.9,8.0,7.3,0.0,0.0,17.6,0.0,2.2,0.8,70.2,89.0,35.0,21.4,0.3216245425,0.8323552525,,,,,,,,,,
W07000100,Mid and South Pembrokeshire,Wales,Lab,31.4,35.4,5.1,3.5,0.0,6.4,16.8,0.0,0.9,0.5,65.5,98.0,30.0,26.2,0.3215628653,0.9272593796,,,,,,,,,,
E14001389,North Durham,Northern England,Lab,15.6,39.8,10.1,5.7,0.0,0.0,25.7,0.0,0.0,3.0,63.9,97.0,26.0,22.8,0.3214493988,0.9370856541,,,,,,,,,,
E14001222,Ellesmere Port and Bromborough,Northern England,Lab,12.4,57.6,5.5,6.4,0.0,0.0,17.3,0.0,0.6,0.0,66.3,96.0,27.0,19.1,0.3214432431,0.9026081823,,,,,,,,,,
E14001571,Wellingborough and Rushden,Midlands,Lab,27.8,40.3,3.6,6.1,0.0,0.0,21.5,0.0,0.0,0.6,62.9,87.0,24.0,18.0,0.3213198303,0.9000199003,,,,,,,,,,
S14000076,Dunfermline and Dollar,Scotland,Lab,7.4,45.7,7.1,4.7,27.2,0.0,6.5,0.0,0.9,0.6,69.8,96.0,32.0,19.9,0.3206181801,0.8655651823,,,,,,,,,,
E14001100,Birmingham Yardley,Midlands,Lab,10.1,31.2,10.1,5.4,0.0,0.0,14.0,0.0,0.0,29.3,58.3,44.0,24.0,12.3,0.3201224611,0.7610157823,,,,,,,,,,
E14001324,Leeds South West and Morley,Northern England,Lab,23.0,44.0,4.5,6.3,0.0,0.0,20.4,0.0,0.0,1.9,67.3,92.0,28.0,17.4,0.3198422618,0.8739559439,,,,,,,,,,
S14000064,Alloa and Grangemouth,Scotland,Lab,7.6,43.8,2.8,3.4,28.9,0.0,9.2,0.0,2.1,2.1,64.4,97.0,25.0,20.3,0.3196829637,0.9304657862,,,,,,,,,,
W07000103,Neath and Swansea East,Wales,Lab,9.4,41.8,5.8,4.3,0.0,13.3,25.3,0.0,0.0,0.0,65.7,95.0,27.0,20.4,0.3188531419,0.9091890911,,,,,,,,,,
E14001584,Widnes and Halewood,Northern England,Lab,9.2,61.6,4.2,5.4,0.0,0.0,18.5,0.0,0.0,1.1,64.8,96.0,25.0,19.6,0.3183289457,0.9234911799,,,,,,,,,,
W07000110,Vale of Glamorgan,Wales,Lab,29.5,38.7,3.5,4.1,0.0,7.1,15.2,0.0,0.4,1.5,70.5,95.0,34.0,22.0,0.3181174095,0.8598325902,,,,,,,,,,
E14001106,Blaydon and Consett,Northern England,Lab,14.3,50.1,5.4,6.1,0.0,0.0,23.7,0.0,0.0,0.3,66.9,98.0,29.0,22.3,0.3181082628,0.9119126533,,,,,,,,,,
E14001384,North Bedfordshire,Southern England,Con,38.8,28.3,10.8,5.9,0.0,0.0,16.4,0.0,0.0,0.0,72.4,90.0,36.0,19.7,0.3169700729,0.8167501184,,,,,,,,,,
E14001532,Surrey Heath,Southern England,LDem,33.0,6.6,44.8,2.4,0.0,0.0,13.1,0.0,0.0,0.2,73.7,85.0,39.0,20.1,0.3168296812,0.7817075081,,,,,,,,,,
S14000098,"Moray West, Nairn and Strathspey",Scotland,SNP,30.0,17.7,8.1,3.6,32.1,0.0,7.5,0.0,0.0,0.9,66.9,97.0,30.0,23.9,0.3167468663,0.9116084138,,,,,,,,,,
S14000090,Glenrothes and Mid Fife,Scotland,Lab,5.5,44.3,4.4,0.0,36.1,0.0,9.8,0.0,0.0,0.0,59.2,96.0,19.0,21.7,0.3165593393,0.9887596665,,,,,,,,,,
E14001101,Bishop Auckland,Northern England,Lab,25.6,42.1,3.4,4.6,0.0,0.0,23.4,0.0,0.0,0.8,63.3,97.0,26.0,25.0,0.3163969833,0.9524428168,,,,,,,,,,
E14001144,Bury North,Northern England,Lab,27.9,43.1,2.9,3.8,0.0,0.0,16.2,0.0,1.9,4.2,67.5,83.0,31.0,19.5,0.3154439435,0.8416840242,,,,,,,,,,
E14001580,Westmorland and Lonsdale,Northern England,LDem,19.4,4.7,62.7,3.0,0.0,0.0,9.8,0.0,0.2,0.3,70.2,98.0,37.0,29.0,0.3154372204,0.8867946778,,,,,,,,,,
E14001551,Torbay,Southern England,LDem,29.5,7.1,41.1,3.1,0.0,0.0,18.8,0.0,0.0,0.5,61.8,96.0,25.0,26.4,0.3149546141,0.9679713336,,,,,,,,,,
E14001143,Burton and Uttoxeter,Midlands,Lab,30.6,35.6,3.6,4.6,0.0,0.0,21.1,0.0,0.0,4.5,65.2,84.0,27.0,18.3,0.3147850053,0.8708487077,,,,,,,,,,
S14000110,Kilmarnock and Loudoun,Scotland,Lab,8.3,44.9,2.0,2.9,32.8,0.0,8.2,0.0,0.9,0.0,64.4,98.0,25.0,21.7,0.314784407,0.9426999466,,,,,,,,,,
S14000045,Midlothian,Scotland,Lab,7.4,48.6,5.9,0.0,30.1,0.0,7.4,0.0,0.0,0.6,68.1,95.0,29.0,19.4,0.3146844445,0.8869402646,,,,,,,,,,
E14001475,Skipton and Ripon,Northern England,Con,35.2,32.1,7.8,6.4,0.0,0.0,15.9,0.0,0.9,1.5,71.0,96.0,38.0,28.4,0.3140075758,0.8703625899,,,,,,,,,,
S14000051,Orkney and Shetland,Scotland,LDem,2.8,7.2,55.1,9.9,17.3,0.0,7.7,0.0,0.0,0.0,68.2,99.0,31.0,24.0,0.3137802609,0.9092988448,,,,,,,,,,
E14001472,Shipley,Northern England,Lab,27.2,45.0,2.8,7.5,0.0,0.0,15.0,0.0,0.6,2.0,70.9,89.0,36.0,23.1,0.3135406706,0.837025443,,,,,,,,,,
E14001383,Normanton and Hemsworth,Northern England,Lab,13.7,47.5,3.6,5.9,0.0,0.0,29.2,0.0,0.0,0.0,62.8,96.0,22.0,20.1,0.3119429419,0.9541672615,,,,,,,,,,
E14001359,Mid Bedfordshire,Southern England,Con,34.1,31.4,8.2,5.2,0.0,0.0,17.3,0.0,3.4,0.3,74.2,89.0,37.0,18.2,0.3119235943,0.7980180474,,,,,,,,,,
E14001458,Rutland and Stamford,Midlands,Con,43.7,22.3,12.9,5.8,0.0,0.0,14.4,0.0,0.0,0.8,71.3,93.0,37.0,25.7,0.3118063367,0.8548418521,,,,,,,,,,
E14001195,Derbyshire Dales,Midlands,Lab,34.0,34.6,9.5,5.5,0.0,0.0,15.1,0.0,0.7,0.6,72.8,97.0,39.0,27.1,0.3117181068,0.8567397309,,,,,,,,,,
E14001575,West Dorset,Southern England,LDem,36.5,5.9,51.3,4.3,0.0,0.0,0.0,0.0,1.9,0.0,67.5,97.0,36.0,33.3,0.3117095159,0.9212153042,,,,,,,,,,
E14001183,Cramlington and Killingworth,Northern England,Lab,18.9,49.1,4.2,4.7,0.0,0.0,20.8,0.0,2.0,0.3,67.4,96.0,29.0,22.1,0.3110884183,0.9075197451,,,,,,,,,,
E14001368,Middlesbrough South and East Cleveland,Northern England,Lab,42.7,43.3,5.3,3.8,0.0,0.0,0.0,0.0,0.0,4.8,66.0,96.0,28.0,23.5,0.3103183468,0.9253928571,,,,,,,,,,
E14001441,Redditch,Midlands,Lab,33.1,34.9,5.1,5.0,0.0,0.0,20.1,0.0,0.0,1.8,65.9,91.0,27.0,20.3,0.3102268385,0.9012495852,,,,,,,,,,
E14001579,West Worcestershire,Midlands,Con,36.2,15.2,24.2,9.3,0.0,0.0,14.4,0.0,0.0,0.7,71.1,96.0,38.0,29.0,0.3100869061,0.8753102062,,,,,,,,,,
E14001544,Thirsk and Malton,Northern England,Con,39.2,24.1,10.8,6.0,0.0,0.0,18.0,0.0,0.0,1.9,66.7,97.0,32.0,28.9,0.3100317822,0.9276427884,,,,,,,,,,
E14001177,Colne Valley,Northern England,Lab,30.3,41.0,4.3,7.5,0.0,0.0,15.8,0.0,0.0,1.0,73.2,91.0,37.0,21.4,0.3099819206,0.8233662007,,,,,,,,,,
E14001239,Folkestone and Hythe,Southern England,Lab,26.1,34.7,4.0,9.1,0.0,0.0,24.7,0.0,0.0,1.3,63.5,92.0,27.0,25.7,0.309705153,0.9383631942,,,,,,,,,,
S14000093,Inverclyde and Renfrewshire West,Scotland,Lab,7.1,46.9,3.1,2.9,31.1,0.0,6.1,0.0,0.9,1.8,65.6,97.0,27.0,23.2,0.3089946177,0.9347197163,,,,,,,,,,
W07000106,Pontypridd,Wales,Lab,9.6,41.2,4.1,4.7,0.0,13.4,19.9,0.0,7.1,0.0,69.1,96.0,29.0,18.9,0.3089244032,0.8879864748,,,,,,,,,,
E14001542,Tewkesbury,Southern England,LDem,29.8,8.9,42.7,5.9,0.0,0.0,12.4,0.0,0.0,0.4,71.7,94.0,35.0,22.5,0.3087603798,0.8550726395,,,,,,,,,,
E14001440,Redcar,Northern England,Lab,32.3,41.0,4.0,3.3,0.0,0.0,18.9,0.0,0.0,0.4,63.3,97.0,24.0,23.3,0.3086005049,0.9605569156,,,,,,,,,,
W07000093,Ceredigion Preseli,Wales,PC,10.3,11.6,15.0,4.0,0.0,46.9,11.6,0.0,0.0,0.5,69.9,97.0,35.0,27.4,0.3085684946,0.8929998276,,,,,,,,,,
E14001577,West Lancashire,Northern England,Lab,19.6,50.5,4.6,7.4,0.0,0.0,17.9,0.0,0.0,0.0,68.9,97.0,30.0,21.6,0.3075845578,0.899520377,,,,,,,,,,
E14001422,Pendle and Clitheroe,Northern England,Lab,32.6,34.5,4.4,3.0,0.0,0.0,17.5,0.0,6.9,1.1,66.0,80.0,29.0,20.0,0.3074358312,0.8571224897,,,,,,,,,,
W07000105,Newport West and Islwyn,Wales,Lab,16.0,41.5,5.0,5.0,0.0,8.4,20.4,0.0,3.8,0.0,69.7,93.0,31.0,20.1,0.3073967227,0.8719035414,,,,,,,,,,
E14001152,Carlisle,Northern England,Lab,28.1,39.4,6.5,4.2,0.0,0.0,20.2,0.0,1.0,0.5,66.2,96.0,27.0,21.9,0.3073245147,0.9246454595,,,,,,,,,,
E14001203,Droitwich and Evesham,Midlands,Con,40.3,22.1,10.3,7.7,0.0,0.0,19.1,0.0,0.0,0.5,69.0,96.0,32.0,24.4,0.3067336228,0.8978765874,,,,,,,,,,
W07000081,Aberafan Maesteg,Wales,Lab,8.1,49.9,2.6,3.1,0.0,13.2,20.9,0.0,1.7,0.5,64.3,96.0,24.0,21.3,0.3066125676,0.945937008,,,,,,,,,,
E14001448,Romford,London,Con,34.8,31.5,4.3,5.0,0.0,0.0,21.8,0.0,0.0,2.5,68.0,72.0,31.0,16.4,0.3062990894,0.798244974,,,,,,,,,,
S14000074,"Dumfriesshire, Clydesdale and Tweeddale",Scotland,Con,33.9,22.9,6.3,3.4,24.3,0.0,8.6,0.0,0.0,0.5,66.6,98.0,30.0,27.0,0.3058758526,0.9363368943,,,,,,,,,,
E14001436,Rawmarsh and Conisbrough,Northern England,Lab,13.3,49.0,3.4,5.0,0.0,0.0,28.6,0.0,0.0,0.8,62.6,96.0,21.0,20.0,0.305719315,0.9640225561,,,,,,,,,,
E14001215,East Surrey,Southern England,Con,35.6,20.4,18.0,6.0,0.0,0.0,17.0,0.0,2.3,0.7,73.5,88.0,37.0,20.4,0.3056456276,0.8113524038,,,,,,,,,,
E14001536,Swindon North,Southern England,Lab,31.3,40.6,4.7,5.4,0.0,0.0,17.1,0.0,0.6,0.3,66.8,87.0,26.0,16.2,0.3055043801,0.8756820681,,,,,,,,,,
S14000104,Rutherglen,Scotland,Lab,5.7,50.5,4.0,0.0,29.9,0.0,6.3,0.0,0.4,3.2,68.2,93.0,29.0,20.5,0.3046951702,0.8921213158,,,,,,,,,,
E14001521,Stoke-on-Trent North,Midlands,Lab,26.3,40.3,2.5,3.4,0.0,0.0,24.4,0.0,3.1,0.0,61.6,86.0,21.0,18.9,0.3038219385,0.9336654366,,,,,,,,,,
W07000112,Ynys Môn,Wales,PC,30.5,23.4,1.3,1.9,0.0,32.5,9.9,0.0,0.0,0.6,68.2,98.0,32.0,27.4,0.3036354611,0.9226912998,,,,,,,,,,
E14001220,Eastleigh,Southern England,LDem,31.1,15.1,34.4,5.2,0.0,0.0,13.3,0.0,1.0,0.0,71.7,90.0,34.0,20.6,0.3032593865,0.8431530647,,,,,,,,,,
E14001356,Melksham and Devizes,Southern England,LDem,34.4,9.0,39.1,4.4,0.0,0.0,13.1,0.0,0.0,0.0,71.1,97.0,35.0,26.0,0.3031898971,0.8859900906,,,,,,,,,,
S14000066,Arbroath and Broughty Ferry,Scotland,SNP,15.5,33.4,5.1,0.0,35.3,0.0,8.6,0.0,0.0,2.1,67.7,95.0,30.0,24.2,0.3028790236,0.9123428918,,,,,,,,,,
E14001241,Frome and East Somerset,Southern England,LDem,23.9,13.7,35.5,10.9,0.0,0.0,13.8,0.0,2.2,0.0,71.1,97.0,33.0,22.8,0.3027343123,0.8823939912,,,,,,,,,,
E14001395,North Herefordshire,Midlands,Grn,31.5,6.4,2.9,43.2,0.0,0.0,16.0,0.0,0.0,0.2,69.2,97.0,35.0,30.0,0.302524524,0.9115212305,,,,,,,,,,
S14000048,North Ayrshire and Arran,Scotland,Lab,14.1,39.8,2.4,3.1,31.4,0.0,8.1,0.0,0.0,1.1,64.4,98.0,26.0,25.9,0.3024803636,0.9643055001,,,,,,,,,,
N05000004,Belfast West,Northern Ireland,SF,0.0,0.0,0.0,1.1,0.0,0.0,0.0,0.0,0.4,98.5,48.8,96.0,0.0,15.6,0.3021970245,1.115314997,,,,,,,,,,
E14001157,Chatham and Aylesford,Southern England,Lab,28.6,33.5,5.3,6.1,0.0,0.0,24.5,0.0,0.0,2.0,65.4,85.0,24.0,16.0,0.3019604708,0.8876284583,,,,,,,,,,
E14001524,Stourbridge,Midlands,Lab,30.8,38.5,4.0,4.3,0.0,0.0,19.7,0.0,0.0,2.7,65.6,86.0,27.0,21.0,0.3010360313,0.8963884886,,,,,,,,,,
E14001192,Daventry,Midlands,Con,33.7,28.0,12.7,5.6,0.0,0.0,20.0,0.0,0.0,0.0,72.0,94.0,34.0,21.8,0.3010277859,0.8610527512,,,,,,,,,,
E14001498,South West Wiltshire,Southern England,Con,33.8,26.8,15.6,4.9,0.0,0.0,17.0,0.0,1.9,0.0,67.6,94.0,29.0,23.0,0.3009187112,0.911097818,,,,,,,,,,
E14001200,Doncaster North,Northern England,Lab,22.9,52.4,3.4,5.7,0.0,0.0,0.0,0.0,0.0,15.6,63.0,96.0,21.0,20.3,0.3006900997,0.96732198,,,,,,,,,,
E14001345,Luton North,Southern England,Lab,18.5,37.9,4.9,5.0,0.0,0.0,12.0,0.0,11.3,10.4,64.0,44.0,30.0,14.2,0.3004518944,0.7273741543,,,,,,,,,,
E14001375,Newark,Midlands,Con,39.2,32.5,5.7,4.4,0.0,0.0,15.5,0.0,0.6,2.1,70.7,97.0,33.0,24.3,0.2998312647,0.8931018285,,,,,,,,,,
E14001548,Tiverton and Minehead,Southern England,LDem,31.2,9.1,38.6,4.7,0.0,0.0,16.4,0.0,0.0,0.0,66.7,98.0,31.0,29.7,0.2996879202,0.9465965506,,,,,,,,,,
E14001196,Dewsbury and Batley,Northern England,Ind,11.0,22.9,3.5,5.4,0.0,0.0,16.2,0.0,41.1,0.0,60.1,50.0,23.0,13.4,0.2989532018,0.7969253844,,,,,,,,,,
E14001155,Central Devon,Southern England,Con,31.5,31.4,15.4,6.2,0.0,0.0,14.6,0.0,0.9,0.0,71.2,98.0,35.0,27.1,0.2984791083,0.8966034819,,,,,,,,,,
E14001484,South Devon,Southern England,LDem,31.5,6.3,46.0,3.1,0.0,0.0,13.0,0.0,0.0,0.3,69.3,97.0,35.0,30.8,0.2978274908,0.9178175897,,,,,,,,,,
S14000107,"Ayr, Carrick and Cumnock",Scotland,Lab,22.6,36.5,2.6,2.2,26.3,0.0,8.7,0.0,0.0,1.2,64.6,97.0,26.0,26.0,0.297812643,0.9639763604,,,,,,,,,,
E14001582,Wetherby and Easingwold,Northern England,Con,39.4,30.1,6.4,8.7,0.0,0.0,13.9,0.0,0.0,1.4,75.8,96.0,41.0,26.8,0.2975260345,0.8388074861,,,,,,,,,,
E14001385,North Cornwall,Southern England,LDem,27.6,5.8,47.0,2.6,0.0,0.0,16.5,0.0,0.0,0.5,65.6,97.0,28.0,27.2,0.2974467942,0.9547952126,,,,,,,,,,
E14001508,St Austell and Newquay,Southern England,Lab,28.9,34.1,10.3,5.0,0.0,0.0,19.7,0.0,0.9,1.0,65.8,97.0,26.0,23.7,0.2972625974,0.949265468,,,,,,,,,,
E14001326,Leicester East,Midlands,Con,31.1,21.6,13.5,4.6,0.0,0.0,5.6,0.0,15.7,7.9,54.7,20.0,23.0,14.2,0.2972134833,0.7310441099,,,,,,,,,,
S14000092,Hamilton and Clyde Valley,Scotland,Lab,10.9,49.9,3.6,0.0,27.4,0.0,7.8,0.0,0.0,0.3,67.1,96.0,26.0,20.6,0.2971931852,0.9276277993,,,,,,,,,,
S14000073,Dumfries and Galloway,Scotland,Con,29.6,25.7,4.6,2.7,27.5,0.0,9.4,0.0,0.0,0.5,64.7,98.0,27.0,27.8,0.297033284,0.9696672604,,,,,,,,,,
E14001417,Orpington,London,Con,38.0,26.9,10.3,5.0,0.0,0.0,19.3,0.0,0.0,0.5,73.2,78.0,37.0,19.3,0.2967580193,0.7827935559,,,,,,,,,,
E14001355,Mansfield,Midlands,Lab,30.6,39.1,1.9,3.2,0.0,0.0,22.8,0.0,1.0,1.3,64.0,94.0,22.0,20.2,0.2956237926,0.9545194773,,,,,,,,,,
E14001275,Havant,Southern England,Con,30.8,30.6,7.8,6.8,0.0,0.0,23.6,0.0,0.0,0.5,66.0,95.0,27.0,24.4,0.295305913,0.9413080723,,,,,,,,,,
S14000111,West Aberdeenshire and Kincardine,Scotland,Con,35.6,13.1,13.0,2.1,28.6,0.0,7.1,0.0,0.6,0.0,76.7,96.0,39.0,22.2,0.2946841033,0.8273058125,,,,,,,,,,
E14001202,Dover and Deal,Southern England,Lab,21.7,39.6,5.4,6.5,0.0,0.0,23.8,0.0,2.0,0.9,65.4,95.0,26.0,24.2,0.294456775,0.9484619613,,,,,,,,,,
W07000086,Bridgend,Wales,Lab,16.3,39.9,3.5,4.3,0.0,8.8,19.1,0.0,8.1,0.0,72.7,95.0,34.0,22.1,0.2937062958,0.8676513021,,,,,,,,,,
E14001603,Yeovil,Southern England,LDem,23.5,6.1,48.5,4.9,0.0,0.0,15.7,0.0,1.2,0.0,66.1,95.0,27.0,24.7,0.2926032613,0.9439827041,,,,,,,,,,
S14000109,Central Ayrshire,Scotland,Lab,14.8,43.7,2.4,2.5,27.1,0.0,8.3,0.0,0.0,1.2,66.6,98.0,27.0,25.2,0.2911715716,0.9542474048,,,,,,,,,,
E14001504,Southport,Northern England,Lab,25.4,38.3,13.0,4.8,0.0,0.0,16.4,0.0,2.0,0.0,68.7,95.0,31.0,26.3,0.2908782548,0.9204253934,,,,,,,,,,
E14001263,Hamble Valley,Southern England,Con,36.4,16.2,27.5,4.3,0.0,0.0,15.2,0.0,0.0,0.3,74.6,94.0,35.0,20.3,0.2902047155,0.8459227762,,,,,,,,,,
E14001247,Glastonbury and Somerton,Southern England,LDem,28.9,6.5,42.7,5.7,0.0,0.0,16.1,0.0,0.0,0.0,69.3,97.0,32.0,27.5,0.2901770014,0.9243365152,,,,,,,,,,
E14001253,Grantham and Bourne,Midlands,Con,36.4,26.6,4.4,5.6,0.0,0.0,20.4,0.0,3.6,3.1,67.7,95.0,28.0,23.6,0.2899699195,0.928738107,,,,,,,,,,
E14001413,Nuneaton,Midlands,Lab,28.5,36.9,3.3,7.0,0.0,0.0,22.0,0.0,0.0,2.3,67.0,88.0,25.0,17.8,0.2899293272,0.900795968,,,,,,,,,,
W07000098,Llanelli,Wales,Lab,10.5,31.3,3.1,2.7,0.0,23.3,27.6,0.0,0.0,1.5,69.1,97.0,29.0,23.1,0.2897746856,0.922159077,,,,,,,,,,
E14001387,North Devon,Southern England,LDem,29.3,6.3,42.4,4.6,0.0,0.0,15.8,0.0,1.6,0.0,67.3,96.0,29.0,26.5,0.289563539,0.9412949185,,,,,,,,,,
E14001308,Keighley and Ilkley,Northern England,Con,40.2,36.7,2.1,5.3,0.0,0.0,10.4,0.0,4.4,0.9,69.4,80.0,32.0,21.3,0.2894898189,0.8446481124,,,,,,,,,,
E14001112,Bolton West,Northern England,Lab,27.8,38.9,4.4,9.3,0.0,0.0,19.1,0.0,0.0,0.5,71.6,84.0,33.0,19.8,0.2892358206,0.8365149921,,,,,,,,,,
E14001246,Gillingham and Rainham,Southern England,Lab,28.2,37.8,5.5,5.6,0.0,0.0,21.4,0.0,0.8,0.7,66.3,84.0,25.0,17.9,0.2887679184,0.8924242353,,,,,,,,,,
E14001462,Scunthorpe,Northern England,Lab,30.6,39.7,2.4,3.1,0.0,0.0,20.9,0.0,3.1,0.3,63.8,91.0,22.0,20.8,0.2885221124,0.9532327887,,,,,,,,,,
E14001125,Brentwood and Ongar,Southern England,Con,36.7,22.9,12.0,3.7,0.0,0.0,24.3,0.0,0.0,0.4,72.0,89.0,33.0,20.9,0.2882933607,0.8553914629,,,,,,,,,,
W07000085,"Brecon, Radnor and Cwm Tawe",Wales,LDem,26.3,21.3,29.5,2.6,0.0,4.9,14.1,0.0,0.0,1.3,69.0,97.0,32.0,28.5,0.2882066792,0.9313532953,,,,,,,,,,
W07000088,Caerphilly,Wales,Lab,11.5,38.0,4.7,4.3,0.0,21.2,20.3,0.0,0.0,0.0,68.9,97.0,27.0,20.6,0.2878138192,0.9238802879,,,,,,,,,,
E14001235,Faversham and Mid Kent,Southern England,Con,31.8,28.6,8.9,9.1,0.0,0.0,21.2,0.0,0.0,0.4,69.8,94.0,29.0,20.9,0.2875487918,0.9018709881,,,,,,,,,,
E14001490,South Northamptonshire,Midlands,Con,35.7,28.9,9.3,5.7,0.0,0.0,16.7,0.0,3.3,0.5,74.5,95.0,35.0,21.5,0.286747242,0.8567776608,,,,,,,,,,
E14001485,South Dorset,Southern England,Lab,29.8,31.9,16.3,4.4,0.0,0.0,16.7,0.0,0.9,0.0,66.1,97.0,28.0,28.3,0.2865917005,0.964484308,,,,,,,,,,
E14001480,South Basildon and East Thurrock,Southern England,Ref,25.7,30.5,2.7,4.3,0.0,0.0,30.8,0.0,5.6,0.4,64.8,86.0,22.0,17.7,0.285615277,0.9221765446,,,,,,,,,,
E14001489,South Norfolk,Southern England,Lab,29.3,35.0,11.6,8.0,0.0,0.0,15.3,0.0,0.5,0.3,74.0,94.0,35.0,22.4,0.2850838392,0.860757979,,,,,,,,,,
E14001252,Gosport,Southern England,Con,40.3,26.6,9.1,4.4,0.0,0.0,18.0,0.0,0.8,0.8,66.4,95.0,26.0,24.1,0.2850750776,0.9508580442,,,,,,,,,,
E14001404,North West Leicestershire,Midlands,Lab,32.7,34.7,3.4,5.8,0.0,0.0,19.9,0.0,3.5,0.0,71.4,95.0,30.0,20.1,0.2848561804,0.8911288969,,,,,,,,,,
E14001502,Southend West and Leigh,Southern England,Lab,31.5,35.6,6.8,6.9,0.0,0.0,17.6,0.0,0.6,1.0,68.9,89.0,28.0,20.2,0.2837965293,0.894854788,,,,,,,,,,
E14001212,East Grinstead and Uckfield,Southern England,Con,38.3,20.7,21.5,10.5,0.0,0.0,0.0,0.0,4.9,4.0,74.6,94.0,36.0,23.2,0.2836015386,0.8578918232,,,,,,,,,,
E14001139,Broxbourne,Southern England,Con,36.8,30.2,6.3,5.7,0.0,0.0,20.4,0.0,0.0,0.6,68.7,81.0,28.0,17.7,0.2835503461,0.8599744572,,,,,,,,,,
E14001126,Bridgwater,Southern England,Con,30.6,27.2,14.4,4.3,0.0,0.0,22.2,0.0,0.8,0.4,65.3,96.0,23.0,22.4,0.2826276446,0.9684286521,,,,,,,,,,
E14001398,North Shropshire,Midlands,LDem,22.0,6.9,52.9,2.5,0.0,0.0,15.5,0.0,0.3,0.0,69.2,96.0,30.0,25.7,0.2820994487,0.9296525946,,,,,,,,,,
E14001079,Bassetlaw,Midlands,Lab,28.3,41.2,4.4,4.3,0.0,0.0,21.7,0.0,0.0,0.0,67.0,95.0,25.0,21.7,0.2820452173,0.9447261745,,,,,,,,,,
E14001470,Sheffield South East,Northern England,Lab,17.5,52.3,9.6,8.8,0.0,0.0,0.0,0.0,4.8,7.0,63.6,81.0,22.0,19.1,0.2812590404,0.9203351605,,,,,,,,,,
S14000069,"Caithness, Sutherland and Easter Ross",Scotland,LDem,4.0,7.4,49.4,3.6,26.6,0.0,7.3,0.0,0.0,1.7,68.5,98.0,29.0,26.5,0.2807705457,0.9486731202,,,,,,,,,,
E14001114,Boston and Skegness,Midlands,Ref,33.4,18.9,3.4,3.7,0.0,0.0,38.4,0.0,0.0,2.3,60.2,95.0,18.0,25.1,0.2799441336,1.026563111,,,,,,,,,,
S14000072,Cumbernauld and Kirkintilloch,Scotland,Lab,4.7,45.2,3.2,4.1,35.1,0.0,7.7,0.0,0.0,0.0,68.9,96.0,26.0,20.3,0.2798560624,0.9304735519,,,,,,,,,,
E14001067,Arundel and South Downs,Southern England,Con,40.2,17.9,18.0,10.1,0.0,0.0,13.5,0.0,0.0,0.3,73.0,96.0,37.0,30.0,0.2778659847,0.8988192346,,,,,,,,,,
E14001506,Spen Valley,Northern England,Lab,24.0,39.2,3.5,5.6,0.0,0.0,24.1,0.0,3.7,0.0,69.0,88.0,28.0,20.9,0.2775231152,0.8985844355,,,,,,,,,,
E14001599,Worthing West,Southern England,Lab,32.5,40.2,5.3,6.4,0.0,0.0,14.8,0.0,0.7,0.0,69.2,93.0,31.0,27.2,0.2774842357,0.9252261525,,,,,,,,,,
E14001150,Cannock Chase,Midlands,Lab,29.2,36.5,2.4,5.0,0.0,0.0,26.9,0.0,0.0,0.0,67.1,97.0,23.0,20.0,0.2774831552,0.9569343695,,,,,,,,,,
E14001424,Penrith and Solway,Northern England,Lab,29.9,40.6,9.6,3.5,0.0,0.0,15.5,0.0,0.6,0.3,70.6,97.0,32.0,27.3,0.2767848013,0.9270837424,,,,,,,,,,
E14001399,North Somerset,Southern England,Lab,34.4,35.6,13.2,6.1,0.0,0.0,10.4,0.0,0.0,0.2,77.6,97.0,40.0,26.1,0.2759099236,0.8513644759,,,,,,,,,,
E14001109,Bolsover,Midlands,Lab,25.6,40.5,3.5,8.8,0.0,0.0,21.5,0.0,0.0,0.0,66.0,97.0,22.0,21.0,0.2752809121,0.9723731954,,,,,,,,,,
E14001304,Isle of Wight West,Southern England,Lab,29.3,38.6,7.9,6.7,0.0,0.0,17.0,0.0,0.0,0.3,67.9,96.0,29.0,28.1,0.2752444451,0.9555190155,,,,,,,,,,
E14001335,Lichfield,Midlands,Lab,33.4,35.1,7.3,3.5,0.0,0.0,19.8,0.0,0.9,0.0,73.7,96.0,34.0,24.3,0.2748285899,0.8892292437,,,,,,,,,,
E14001493,South Shropshire,Midlands,Con,34.1,13.4,31.0,3.7,0.0,0.0,17.8,0.0,0.0,0.0,69.5,97.0,33.0,31.7,0.2745564653,0.9471163593,,,,,,,,,,
W07000107,Rhondda and Ogmore,Wales,Lab,5.7,47.8,2.6,3.3,0.0,14.5,26.1,0.0,0.0,0.0,66.7,98.0,22.0,20.1,0.2742624317,0.9694155472,,,,,,,,,,
W07000087,Caerfyrddin,Wales,PC,19.4,24.1,3.2,3.0,0.0,34.0,15.2,0.0,0.0,1.1,71.7,96.0,33.0,27.1,0.2730308384,0.9157595757,,,,,,,,,,
E14001178,Congleton,Northern England,Lab,30.9,37.7,5.6,4.0,0.0,0.0,16.4,0.0,4.4,1.1,76.4,97.0,37.0,24.3,0.2727197896,0.8660886973,,,,,,,,,,
W07000094,Clwyd East,Wales,Lab,29.0,38.7,3.9,3.5,0.0,7.8,15.9,0.0,1.3,0.0,72.5,98.0,33.0,26.3,0.2726867382,0.915855811,,,,,,,,,,
E14001089,Bexleyheath and Crayford,London,Lab,31.3,36.2,5.1,4.8,0.0,0.0,22.7,0.0,0.0,0.0,71.1,72.0,31.0,16.7,0.2724362577,0.8097782022,,,,,,,,,,
E14001228,Erewash,Midlands,Lab,26.4,40.1,5.6,5.8,0.0,0.0,21.3,0.0,0.8,0.0,67.9,95.0,24.0,20.2,0.2723585222,0.9461672608,,,,,,,,,,
E14001474,Sittingbourne and Sheppey,Southern England,Lab,28.2,29.1,3.2,4.1,0.0,0.0,25.6,0.0,1.3,8.4,66.5,94.0,21.0,18.2,0.2716284745,0.9568408137,,,,,,,,,,
N05000008,Foyle,Northern Ireland,SDLP,0.0,0.0,0.0,0.0,0.0,0.0,0.0,0.0,4.0,96.0,51.5,97.0,0.0,16.4,0.2712405356,1.131538287,,,,,,,,,,
E14001418,Ossett and Denby Dale,Northern England,Lab,28.9,39.3,4.1,4.9,0.0,0.0,21.0,0.0,0.0,1.8,72.6,94.0,32.0,23.4,0.2712238803,0.8963930126,,,,,,,,,,
W07000097,Gower,Wales,Lab,18.9,43.4,5.5,5.3,0.0,8.3,18.1,0.0,0.6,0.0,75.8,95.0,37.0,25.2,0.270863046,0.8676470546,,,,,,,,,,
E14001121,Braintree,Southern England,Con,35.5,28.0,5.9,5.9,0.0,0.0,23.1,0.0,1.6,0.0,69.1,95.0,26.0,21.5,0.2703618145,0.9377825876,,,,,,,,,,
W07000082,Alyn and Deeside,Wales,Lab,18.2,42.4,4.8,4.4,0.0,4.5,22.1,0.0,3.6,0.0,70.7,97.0,27.0,20.5,0.2702218223,0.9278351221,,,,,,,,,,
E14001242,Fylde,Northern England,Con,33.2,32.0,4.4,3.3,0.0,0.0,17.3,0.0,9.4,0.4,72.6,96.0,35.0,29.1,0.2701445407,0.9122067241,,,,,,,,,,
E14001245,Gedling,Midlands,Lab,23.4,47.8,5.1,6.4,0.0,0.0,16.9,0.0,0.5,0.0,72.9,88.0,32.0,21.0,0.2691646848,0.8676097886,,,,,,,,,,
E14001261,Halesowen,Midlands,Lab,27.6,38.9,5.9,5.6,0.0,0.0,22.0,0.0,0.0,0.0,67.0,82.0,25.0,19.9,0.2679404003,0.9060448519,,,,,,,,,,
E14001538,Tamworth,Midlands,Lab,31.9,35.0,3.3,3.6,0.0,0.0,25.1,0.0,0.0,1.1,69.0,95.0,25.0,20.6,0.2675253246,0.9416338389,,,,,,,,,,
S14000021,East Renfrewshire,Scotland,Lab,16.9,43.7,2.3,3.0,26.9,0.0,4.7,0.0,0.0,2.5,82.5,87.0,45.0,22.0,0.2673531801,0.7613109019,,,,,,,,,,
S14000077,East Kilbride and Strathaven,Scotland,Lab,7.6,48.6,2.3,3.9,29.2,0.0,7.2,0.0,0.0,1.3,73.4,96.0,30.0,20.4,0.265305807,0.9006651827,,,,,,,,,,
E14001486,South East Cornwall,Southern England,Lab,27.9,31.8,16.8,4.1,0.0,0.0,18.9,0.0,0.0,0.5,69.9,97.0,31.0,29.6,0.264776121,0.9533309576,,,,,,,,,,
E14001243,Gainsborough,Midlands,Con,35.6,28.1,10.7,3.9,0.0,0.0,21.2,0.0,0.0,0.4,70.3,97.0,29.0,25.7,0.2643096363,0.9458218644,,,,,,,,,,
E14001330,Lewes,Southern England,LDem,26.8,6.7,50.6,3.5,0.0,0.0,11.9,0.0,0.0,0.4,73.2,95.0,35.0,28.7,0.2642190357,0.9092502238,,,,,,,,,,
E14001292,Hornchurch and Upminster,London,Con,32.5,27.6,5.1,5.6,0.0,0.0,28.4,0.0,0.8,0.0,70.6,80.0,29.0,19.0,0.2641190864,0.8624777167,,,,,,,,,,
E14001535,Sutton Coldfield,Midlands,Con,38.3,33.0,5.4,5.0,0.0,0.0,17.0,0.0,0.0,1.4,77.8,81.0,41.0,23.8,0.2636616174,0.7937333079,,,,,,,,,,
E14001464,Selby,Northern England,Lab,25.6,46.3,3.6,5.0,0.0,0.0,19.4,0.0,0.0,0.0,73.5,97.0,30.0,20.8,0.2636534694,0.9064549771,,,,,,,,,,
E14001583,Whitehaven and Workington,Northern England,Lab,20.2,53.0,2.7,2.9,0.0,0.0,21.2,0.0,0.0,0.0,68.6,98.0,25.0,23.3,0.2633184631,0.9668735117,,,,,,,,,,
E14001256,Great Yarmouth,Southern England,Ref,24.6,31.8,2.7,4.3,0.0,0.0,35.3,0.0,0.9,0.4,61.8,94.0,18.0,24.8,0.2628575228,1.026868903,,,,,,,,,,
E14001530,Suffolk Coastal,Southern England,Lab,29.5,31.7,14.0,8.9,0.0,0.0,15.9,0.0,0.0,0.0,69.1,96.0,31.0,31.3,0.2628372633,0.9622843885,,,,,,,,,,
E14001483,South Derbyshire,Midlands,Lab,29.7,38.8,4.7,4.2,0.0,0.0,19.6,0.0,2.6,0.4,74.3,92.0,31.0,19.4,0.2612583208,0.8774809001,,,,,,,,,,
N05000002,Belfast North,Northern Ireland,SF,0.0,0.0,0.0,3.0,0.0,0.0,0.0,0.0,0.0,97.0,52.3,95.0,0.0,16.0,0.2611757595,1.126922628,,,,,,,,,,
E14001218,East Worthing and Shoreham,Southern England,Lab,25.7,45.1,6.5,6.6,0.0,0.0,14.6,0.0,1.6,0.0,72.2,93.0,30.0,22.7,0.2608881256,0.909257896,,,,,,,,,,
E14001388,North Dorset,Southern England,Con,36.6,8.8,33.5,4.2,0.0,0.0,15.9,0.0,0.6,0.4,71.0,97.0,31.0,28.2,0.2608800332,0.9452885853,,,,,,,,,,
E14001572,Wells and Mendip Hills,Southern England,LDem,24.8,7.0,46.9,4.1,0.0,0.0,13.1,0.0,4.0,0.0,75.3,97.0,36.0,27.5,0.2600472596,0.8987821755,,,,,,,,,,
E14001138,Bromsgrove,Midlands,Con,32.8,26.8,14.7,3.3,0.0,0.0,19.0,0.0,3.1,0.3,77.5,93.0,37.0,23.3,0.2587183369,0.8541341395,,,,,,,,,,
E14001381,Newton Abbot,Southern England,LDem,27.0,14.8,31.7,4.3,0.0,0.0,17.7,0.0,0.0,4.5,70.6,97.0,30.0,27.8,0.2585802076,0.9522031689,,,,,,,,,,
E14001479,Solihull West and Shirley,Midlands,Con,34.7,24.9,16.9,7.0,0.0,0.0,15.3,0.0,1.3,0.0,78.1,77.0,40.0,21.4,0.2575754127,0.7789811681,,,,,,,,,,
E14001391,North East Derbyshire,Midlands,Lab,34.5,38.4,4.7,5.0,0.0,0.0,17.2,0.0,0.0,0.2,70.6,97.0,28.0,24.8,0.257271281,0.9506985092,,,,,,,,,,
E14001068,Ashfield,Midlands,Ref,8.2,29.0,1.6,2.8,0.0,0.0,42.8,0.0,0.0,15.7,67.0,95.0,21.0,20.4,0.2565859336,0.9771787164,,,,,,,,,,
E14001570,Weald of Kent,Southern England,Con,39.8,23.2,7.8,9.0,0.0,0.0,20.1,0.0,0.0,0.0,74.1,96.0,33.0,25.5,0.2561519756,0.9104267172,,,,,,,,,,
E14001158,Cheadle,Northern England,LDem,22.6,15.6,46.7,3.2,0.0,0.0,10.1,0.0,0.2,1.6,81.8,82.0,44.0,22.4,0.2558248582,0.7638802057,,,,,,,,,,
E14001277,Hazel Grove,Northern England,LDem,19.6,23.5,37.7,3.8,0.0,0.0,15.1,0.0,0.0,0.2,74.9,95.0,33.0,23.6,0.255314159,0.8959159647,,,,,,,,,,
E14001497,South West Norfolk,Southern England,Lab,25.3,26.7,5.9,4.1,0.0,0.0,22.5,0.0,14.2,1.3,65.9,95.0,22.0,24.6,0.2547494206,0.9960878104,,,,,,,,,,
E14001250,Goole and Pocklington,Northern England,Con,38.2,31.0,6.8,4.9,0.0,0.0,18.2,0.0,0.9,0.0,74.4,96.0,32.0,23.5,0.2547488095,0.9066105142,,,,,,,,,,
E14001405,North West Norfolk,Southern England,Con,36.1,25.0,14.6,4.8,0.0,0.0,19.5,0.0,0.0,0.0,65.3,94.0,23.0,27.2,0.2545927354,1.001556668,,,,,,,,,,
E14001266,"Harborough, Oadby and Wigston",Midlands,Con,36.9,32.2,9.4,8.5,0.0,0.0,12.6,0.0,0.0,0.4,74.4,76.0,35.0,21.4,0.25408064,0.8201498708,,,,,,,,,,
E14001372,Morecambe and Lunesdale,Northern England,Lab,28.7,40.8,9.9,4.3,0.0,0.0,16.3,0.0,0.0,0.0,73.0,97.0,32.0,27.1,0.2532105555,0.932123169,,,,,,,,,,
E14001476,Sleaford and North Hykeham,Midlands,Con,35.7,26.8,4.7,5.0,0.0,0.0,21.6,0.0,0.0,6.2,73.0,96.0,30.0,23.6,0.2526381419,0.9248390076,,,,,,,,,,
E14001590,Witham,Southern England,Con,37.2,27.0,6.8,7.0,0.0,0.0,19.5,0.0,2.5,0.0,72.1,95.0,28.0,22.0,0.2522165852,0.9294311308,,,,,,,,,,
E14001601,Wyre Forest,Midlands,Con,32.1,30.3,6.2,5.4,0.0,0.0,21.4,0.0,4.6,0.0,68.8,94.0,26.0,25.4,0.2519288321,0.9657398379,,,,,,,,,,
E14001471,Sherwood Forest,Midlands,Lab,27.5,38.7,3.8,4.6,0.0,0.0,23.3,0.0,2.2,0.0,71.2,95.0,26.0,21.1,0.2497581099,0.9412238244,,,,,,,,,,
E14001494,South Suffolk,Southern England,Con,33.0,26.7,13.2,8.2,0.0,0.0,19.0,0.0,0.0,0.0,71.0,97.0,29.0,27.1,0.249312181,0.9588741722,,,,,,,,,,
E14001108,Bognor Regis and Littlehampton,Southern England,Con,32.8,29.1,10.6,4.6,0.0,0.0,21.5,0.0,0.0,1.5,67.4,96.0,25.0,27.9,0.2491698671,0.9954739507,,,,,,,,,,
E14001357,Melton and Syston,Midlands,Con,38.1,26.4,5.5,8.0,0.0,0.0,19.5,0.0,1.1,1.4,72.7,90.0,30.0,23.0,0.2481222409,0.9079451554,,,,,,,,,,
S14000091,Gordon and Buchan,Scotland,Con,32.9,10.7,16.7,0.0,30.9,0.0,8.9,0.0,0.0,0.0,76.3,98.0,32.0,21.8,0.247707685,0.9021309655,,,,,,,,,,
E14001605,York Outer,Northern England,Lab,26.9,45.3,10.8,4.3,0.0,0.0,11.6,0.0,0.6,0.5,79.4,96.0,39.0,26.1,0.2463641365,0.8654610162,,,,,,,,,,
E14001491,South Ribble,Northern England,Lab,28.6,42.5,6.4,3.4,0.0,0.0,19.3,0.0,0.0,0.0,76.4,96.0,33.0,22.9,0.2456262359,0.8963987178,,,,,,,,,,
E14001344,Lowestoft,Southern England,Lab,29.8,34.6,3.6,7.4,0.0,0.0,24.7,0.0,0.0,0.0,65.3,97.0,21.0,27.0,0.2444071313,1.027674359,,,,,,,,,,
E14001066,Amber Valley,Midlands,Lab,25.2,37.0,3.7,5.4,0.0,0.0,28.7,0.0,0.0,0.0,70.0,97.0,24.0,22.3,0.244244503,0.9720800843,,,,,,,,,,
E14001552,Torridge and Tavistock,Southern England,Con,31.6,21.2,23.8,4.6,0.0,0.0,18.0,0.0,0.8,0.0,70.3,98.0,29.0,30.1,0.2438456441,0.9816240029,,,,,,,,,,
E14001589,Wirral West,Northern England,Lab,26.3,46.4,6.1,8.3,0.0,0.0,12.9,0.0,0.0,0.0,79.8,96.0,41.0,29.1,0.243552995,0.8684709531,,,,,,,,,,
E14001076,Barrow and Furness,Northern England,Lab,31.3,43.9,4.0,3.5,0.0,0.0,16.7,0.0,0.0,0.7,72.7,97.0,28.0,23.5,0.2416890688,0.9467317079,,,,,,,,,,
E14001288,Hinckley and Bosworth,Midlands,Con,35.6,18.0,24.3,3.2,0.0,0.0,18.4,0.0,0.4,0.0,73.6,94.0,29.0,22.4,0.2413333749,0.9236578587,,,,,,,,,,
E14001443,Ribble Valley,Northern England,Lab,33.3,34.9,9.6,3.3,0.0,0.0,16.4,0.0,2.4,0.0,79.7,92.0,37.0,22.1,0.240072803,0.8497361369,,,,,,,,,,
E14001400,North Warwickshire and Bedworth,Midlands,Lab,30.6,36.0,3.0,4.3,0.0,0.0,26.1,0.0,0.0,0.0,69.9,92.0,24.0,21.6,0.2399822335,0.9566149236,,,,,,,,,,
E14001394,North East Somerset and Hanham,Southern England,Lab,30.2,40.6,7.6,6.3,0.0,0.0,14.5,0.0,0.5,0.4,76.3,97.0,32.0,22.9,0.2399785129,0.9090968402,,,,,,,,,,
S14000062,Aberdeenshire North and Moray East,Scotland,SNP,32.8,10.1,7.3,0.0,35.2,0.0,14.6,0.0,0.0,0.0,67.5,97.0,21.0,23.5,0.2391625362,1.006454836,,,,,,,,,,
E14001303,Isle of Wight East,Southern England,Con,30.6,18.4,10.4,18.5,0.0,0.0,20.8,0.0,1.2,0.0,67.4,98.0,26.0,32.3,0.2386067533,1.022840986,,,,,,,,,,
S14000097,Mid Dunbartonshire,Scotland,LDem,4.6,20.8,42.4,3.3,24.0,0.0,4.0,0.0,0.0,0.9,85.3,92.0,46.0,25.4,0.2381623973,0.7943788697,,,,,,,,,,
E14001087,Beverley and Holderness,Northern England,Con,34.5,34.2,7.5,3.7,0.0,0.0,18.3,0.0,0.0,1.8,74.1,97.0,32.0,28.0,0.2378116385,0.9420151613,,,,,,,,,,
E14001362,Mid Derbyshire,Midlands,Lab,32.5,36.5,5.0,7.5,0.0,0.0,17.6,0.0,0.7,0.3,78.6,96.0,36.0,24.7,0.2377970734,0.8843949075,,,,,,,,,,
E14001523,"Stone, Great Wyrley and Penkridge",Midlands,Con,46.5,33.7,6.9,5.2,0.0,0.0,0.0,0.0,0.0,7.7,74.5,94.0,31.0,24.5,0.2377014027,0.9209847555,,,,,,,,,,
E14001156,Central Suffolk and North Ipswich,Southern England,Con,32.6,23.4,11.6,12.2,0.0,0.0,19.0,0.0,1.2,0.0,73.5,92.0,30.0,24.2,0.2374555342,0.9233728852,,,,,,,,,,
E14001522,Stoke-on-Trent South,Midlands,Lab,33.2,34.7,3.9,2.9,0.0,0.0,21.6,0.0,3.6,0.0,70.6,89.0,26.0,22.6,0.2373896242,0.9399533369,,,,,,,,,,
E14001240,Forest of Dean,Southern England,Lab,33.5,34.0,5.4,9.8,0.0,0.0,17.0,0.0,0.0,0.2,73.0,97.0,29.0,25.8,0.2360852225,0.9538969789,,,,,,,,,,
E14001127,Bridlington and The Wolds,Northern England,Con,34.6,27.3,7.2,3.7,0.0,0.0,24.1,0.0,0.7,2.4,68.3,97.0,26.0,30.8,0.2346359132,1.01175609,,,,,,,,,,
E14001519,Stockton West,Northern England,Con,41.9,37.5,2.5,3.0,0.0,0.0,14.0,0.0,1.0,0.1,80.4,93.0,37.0,22.3,0.2340547207,0.8544727646,,,,,,,,,,
E14001273,Harwich and North Essex,Southern England,Con,34.4,32.0,7.4,5.8,0.0,0.0,20.4,0.0,0.0,0.0,72.3,94.0,28.0,24.9,0.2339056432,0.9502496367,,,,,,,,,,
E14001495,South West Devon,Southern England,Con,34.3,30.3,10.6,5.6,0.0,0.0,17.9,0.0,0.8,0.5,76.6,98.0,33.0,25.6,0.2334694457,0.9218828179,,,,,,,,,,
E14001488,South Leicestershire,Midlands,Con,35.6,24.8,14.8,4.8,0.0,0.0,19.9,0.0,0.0,0.0,77.2,94.0,32.0,21.4,0.2328879838,0.8945005594,,,,,,,,,,
E14001350,Makerfield,Northern England,Lab,10.9,45.2,6.8,4.4,0.0,0.0,31.8,0.0,0.0,0.9,72.4,96.0,25.0,20.9,0.2319594827,0.9553876952,,,,,,,,,,
E14001533,Sussex Weald,Southern England,Con,34.1,16.8,20.2,7.7,0.0,0.0,18.1,0.0,1.9,1.3,76.1,96.0,33.0,26.3,0.2317038598,0.9222640333,,,,,,,,,,
S14000027,Na h-Eileanan an Iar,Scotland,Lab,4.8,49.5,2.8,0.0,21.1,0.0,5.2,0.0,10.1,6.5,74.2,97.0,31.0,27.4,0.2310820182,0.9483845842,,,,,,,,,,
E14001390,North East Cambridgeshire,Southern England,Con,41.5,20.4,6.9,5.1,0.0,0.0,23.1,0.0,2.4,0.5,66.8,96.0,19.0,23.4,0.2293212808,1.02315014,,,,,,,,,,
E14001291,Honiton and Sidmouth,Southern England,LDem,32.2,5.8,45.4,2.8,0.0,0.0,12.4,0.0,0.9,0.5,72.7,97.0,32.0,32.6,0.2286606119,0.9737770022,,,,,,,,,,
E14001233,Fareham and Waterlooville,Southern England,Con,35.0,22.9,19.0,4.1,0.0,0.0,18.1,0.0,0.0,0.9,74.4,95.0,30.0,25.2,0.2281582271,0.9394129863,,,,,,,,,,
E14001104,Blackpool North and Fleetwood,Northern England,Lab,28.9,40.0,3.2,3.0,0.0,0.0,23.7,0.0,0.4,0.8,69.3,97.0,24.0,27.0,0.2274342504,1.006639935,,,,,,,,,,
E14001451,Rother Valley,Northern England,Lab,36.1,38.5,2.8,4.1,0.0,0.0,18.5,0.0,0.0,0.0,72.6,95.0,26.0,22.8,0.2270870533,0.9579679628,,,,,,,,,,
E14001545,Thornbury and Yate,Southern England,LDem,33.4,9.5,39.0,4.1,0.0,0.0,14.1,0.0,0.0,0.0,78.2,95.0,33.0,22.9,0.2253063515,0.8997194417,,,,,,,,,,
E14001199,Doncaster East and the Isle of Axholme,Northern England,Lab,32.7,38.6,3.0,3.6,0.0,0.0,21.7,0.0,0.0,0.4,72.2,96.0,25.0,22.6,0.2252184829,0.9684029203,,,,,,,,,,
E14001373,New Forest East,Southern England,Con,38.5,19.7,15.9,6.9,0.0,0.0,16.9,0.0,0.0,2.1,74.1,95.0,30.0,27.0,0.2227711957,0.9520545174,,,,,,,,,,
E14001365,Mid Norfolk,Southern England,Con,36.5,29.9,6.8,6.2,0.0,0.0,20.5,0.0,0.0,0.0,70.8,96.0,25.0,26.7,0.2199615829,0.9960022868,,,,,,,,,,
E14001414,Old Bexley and Sidcup,London,Con,37.6,30.2,4.0,5.5,0.0,0.0,21.8,0.0,0.4,0.5,76.4,79.0,31.0,19.0,0.2183207292,0.8560229262,,,,,,,,,,
E14001569,Waveney Valley,Southern England,Grn,30.3,9.4,2.5,41.7,0.0,0.0,15.9,0.0,0.0,0.2,71.9,98.0,28.0,30.5,0.2172372419,1.000094513,,,,,,,,,,
E14001423,Penistone and Stocksbridge,Northern England,Lab,23.7,43.6,6.5,4.6,0.0,0.0,21.5,0.0,0.0,0.0,75.6,96.0,30.0,25.6,0.2161589296,0.9474439663,,,,,,,,,,
E14001282,Herne Bay and Sandwich,Southern England,Con,35.3,30.2,5.5,7.2,0.0,0.0,21.7,0.0,0.0,0.0,72.1,95.0,27.0,27.9,0.2150603041,0.9854223585,,,,,,,,,,
E14001363,Mid Dorset and North Poole,Southern England,LDem,40.6,9.2,43.3,4.8,0.0,0.0,0.0,0.0,0.0,2.1,75.7,96.0,31.0,27.3,0.2142145971,0.9499807892,,,,,,,,,,
N05000003,Belfast South and Mid Down,Northern Ireland,SDLP,0.0,0.0,0.0,3.6,0.0,0.0,0.0,0.0,0.0,96.4,56.5,89.0,0.0,15.1,0.2112468879,1.120441815,,,,,,,,,,
E14001374,New Forest West,Southern England,Con,35.4,23.3,17.7,6.0,0.0,0.0,16.4,0.0,0.0,1.2,74.2,97.0,33.0,34.6,0.2109526162,0.982982272,,,,,,,,,,
E14001396,North Norfolk,Southern England,LDem,35.9,6.1,41.4,3.0,0.0,0.0,13.5,0.0,0.0,0.0,69.2,98.0,27.0,35.9,0.2099515941,1.044803749,,,,,,,,,,
E14001487,South Holland and The Deepings,Midlands,Con,38.0,19.8,4.2,3.9,0.0,0.0,23.1,0.0,11.0,0.0,70.2,96.0,21.0,24.3,0.205091645,1.019049809,,,,,,,,,,
E14001088,Bexhill and Battle,Southern England,Con,33.9,28.3,7.3,6.2,0.0,0.0,16.6,0.0,6.2,1.4,73.7,96.0,30.0,32.2,0.202131286,0.9932459651,,,,,,,,,,
E14001364,Mid Leicestershire,Midlands,Con,36.9,32.3,5.1,7.1,0.0,0.0,18.6,0.0,0.0,0.0,78.9,82.0,33.0,21.5,0.2014796241,0.8664055959,,,,,,,,,,
E14001136,Broadland and Fakenham,Southern England,Con,33.0,31.5,11.2,6.5,0.0,0.0,17.9,0.0,0.0,0.0,74.2,97.0,27.0,27.3,0.1993961303,0.9906635574,,,,,,,,,,
E14001343,Louth and Horncastle,Midlands,Con,37.5,22.5,5.1,5.4,0.0,0.0,25.7,0.0,2.9,0.9,70.0,97.0,24.0,31.7,0.1966875996,1.044848204,,,,,,,,,,
E14001064,Aldridge-Brownhills,Midlands,Con,38.9,28.4,4.3,4.3,0.0,0.0,24.2,0.0,0.0,0.0,75.2,85.0,27.0,23.0,0.189284022,0.9373432028,,,,,,,,,,
N05000001,Belfast East,Northern Ireland,DUP,0.0,0.0,0.0,2.5,0.0,0.0,0.0,0.0,0.4,97.1,59.1,95.0,0.0,17.0,0.1860698893,1.153629711,,,,,,,,,,
E14001128,Brigg and Immingham,Northern England,Con,37.4,29.8,3.4,4.5,0.0,0.0,24.9,0.0,0.0,0.0,75.7,97.0,26.0,26.0,0.1819677268,0.9954174529,,,,,,,,,,
E14001316,Kingswinford and South Staffordshire,Midlands,Con,40.3,26.3,4.6,4.6,0.0,0.0,22.0,0.0,2.2,0.0,77.9,94.0,30.0,27.3,0.1794568929,0.9632531617,,,,,,,,,,
E14001463,Sefton Central,Northern England,Lab,17.9,56.4,5.5,6.9,0.0,0.0,12.2,0.0,1.0,0.0,82.0,97.0,35.0,28.1,0.1789227293,0.9330236342,,,,,,,,,,
E14001514,Staffordshire Moorlands,Midlands,Con,35.4,32.6,3.5,5.3,0.0,0.0,23.2,0.0,0.0,0.0,77.5,98.0,28.0,27.1,0.1757121043,0.9896264424,,,,,,,,,,
E14001351,Maldon,Southern England,Con,38.9,19.7,11.8,4.6,0.0,0.0,25.0,0.0,0.0,0.0,77.1,96.0,26.0,25.2,0.1701191135,0.991341341,,,,,,,,,,
E14001171,Christchurch,Southern England,Con,35.8,16.4,20.0,4.0,0.0,0.0,18.9,0.0,3.7,1.2,76.9,97.0,29.0,35.3,0.1474690581,1.039035666,,,,,,,,,,
N05000017,Upper Bann,Northern Ireland,DUP,0.0,0.0,0.0,0.0,0.0,0.0,0.0,0.0,0.0,100.0,63.6,95.0,0.0,16.4,0.1418749433,1.162371614,,,,,,,,,,
E14001174,Clacton,Southern England,Ref,27.9,16.2,4.4,4.2,0.0,0.0,46.2,0.0,0.7,0.4,71.6,96.0,18.0,31.8,0.1286196936,1.112835539,,,,,,,,,,
N05000011,Newry and Armagh,Northern Ireland,SF,0.2,0.0,0.0,0.0,0.0,0.0,0.0,0.0,0.0,99.8,66.4,98.0,0.0,16.9,0.1150312016,1.17989409,,,,,,,,,,
N05000018,West Tyrone,Northern Ireland,SF,0.2,0.0,0.0,0.0,0.0,0.0,0.0,0.0,0.0,99.8,66.1,99.0,0.0,18.4,0.1126692442,1.19265186,,,,,,,,,,
N05000006,East Londonderry,Northern Ireland,DUP,0.5,0.0,0.0,1.1,0.0,0.0,0.0,0.0,0.0,98.5,65.2,98.0,0.0,20.4,0.1106098944,1.203251479,,,,,,,,,,
E14001437,Rayleigh and Wickford,Southern England,Con,37.0,24.6,8.5,4.6,0.0,0.0,25.3,0.0,0.0,0.0,81.8,96.0,23.0,22.8,0.1088075968,1.018600502,,,,,,,,,,
N05000012,North Antrim,Northern Ireland,TUV,0.0,0.0,0.0,0.0,0.0,0.0,0.0,0.0,0.3,99.7,66.4,99.0,0.0,20.1,0.101771165,1.206031651,,,,,,,,,,
N05000007,Fermanagh and South Tyrone,Northern Ireland,SF,0.0,0.0,0.0,0.0,0.0,0.0,0.0,0.0,0.0,100.0,67.9,96.0,0.0,18.5,0.08785438205,1.192984725,,,,,,,,,,
N05000010,Mid Ulster,Northern Ireland,SF,0.0,0.0,0.0,0.0,0.0,0.0,0.0,0.0,0.4,99.6,70.2,98.0,0.0,16.2,0.07873459677,1.185632187,,,,,,,,,,
E14001154,Castle Point,Southern England,Con,38.1,23.3,3.3,5.2,0.0,0.0,30.1,0.0,0.0,0.0,80.1,96.0,19.0,25.7,0.07871648355,1.079396858,,,,,,,,,,
N05000015,South Down,Northern Ireland,SF,0.1,0.0,0.0,1.0,0.0,0.0,0.0,0.0,0.0,98.9,70.1,99.0,0.0,18.1,0.07289691314,1.201603488,,,,,,,,,,
N05000005,East Antrim,Northern Ireland,DUP,0.0,0.0,0.0,1.4,0.0,0.0,0.0,0.0,0.0,98.6,71.2,98.0,0.0,21.0,0.04527365798,1.224858524,,,,,,,,,,
N05000016,Strangford,Northern Ireland,DUP,0.4,0.0,0.0,1.8,0.0,0.0,0.0,0.0,1.1,96.8,70.7,98.0,0.0,21.9,0.04526669961,1.230736521,,,,,,,,,,
N05000009,Lagan Valley,Northern Ireland,APNI,0.0,0.0,0.0,0.9,0.0,0.0,0.0,0.0,0.0,99.1,72.3,97.0,0.0,18.4,0.04477877152,1.206063723,,,,,,,,,,
N05000014,South Antrim,Northern Ireland,UUP,0.0,0.0,0.0,1.3,0.0,0.0,0.0,0.0,0.0,98.7,72.8,97.0,0.0,17.5,0.04395910101,1.200820598,,,,,,,,,,
N05000013,North Down,Northern Ireland,Ind,0.0,0.0,0.0,2.9,0.0,0.0,0.0,0.0,48.6,48.5,71.5,97.0,0.0,24.0,0.02522623117,1.247036132,,,,,,,,,,